date,sex,vaccination_status,entries,sumTotal,pop,inz_entries,inzsumTotal,geoRegion,type,type_variant,vaccine,data_completeness,version
202104,female,fully_vaccinated,0,0,8799,0,NA,CHFL,COVID19Death,vaccine,all,limited,2021-10-11_08-00-56
202104,female,partially_vaccinated,4,4,157521,2.54,NA,CHFL,COVID19Death,vaccine,all,limited,2021-10-11_08-00-56
202104,female,not_vaccinated,21,21,4190382,0.5,NA,CHFL,COVID19Death,vaccine,all,limited,2021-10-11_08-00-56
202104,female,unknown,59,59,NA,NA,NA,CHFL,COVID19Death,vaccine,all,limited,2021-10-11_08-00-56
202104,male,fully_vaccinated,0,0,6548,0,NA,CHFL,COVID19Death,vaccine,all,limited,2021-10-11_08-00-56
202104,male,partially_vaccinated,4,4,120114,3.33,NA,CHFL,COVID19Death,vaccine,all,limited,2021-10-11_08-00-56
202104,male,not_vaccinated,28,28,4161416,0.67,NA,CHFL,COVID19Death,vaccine,all,limited,2021-10-11_08-00-56
202104,male,unknown,54,54,NA,NA,NA,CHFL,COVID19Death,vaccine,all,limited,2021-10-11_08-00-56
202104,unknown,fully_vaccinated,0,0,0,NA,NA,CHFL,COVID19Death,vaccine,all,limited,2021-10-11_08-00-56
202104,unknown,partially_vaccinated,0,0,33,0,NA,CHFL,COVID19Death,vaccine,all,limited,2021-10-11_08-00-56
202104,unknown,not_vaccinated,0,0,NA,NA,NA,CHFL,COVID19Death,vaccine,all,limited,2021-10-11_08-00-56
202104,unknown,unknown,0,0,NA,NA,NA,CHFL,COVID19Death,vaccine,all,limited,2021-10-11_08-00-56
202105,female,fully_vaccinated,0,0,28199,0,NA,CHFL,COVID19Death,vaccine,all,limited,2021-10-11_08-00-56
202105,female,partially_vaccinated,8,12,175893,4.55,NA,CHFL,COVID19Death,vaccine,all,limited,2021-10-11_08-00-56
202105,female,not_vaccinated,28,49,4152610,0.67,NA,CHFL,COVID19Death,vaccine,all,limited,2021-10-11_08-00-56
202105,female,unknown,51,110,NA,NA,NA,CHFL,COVID19Death,vaccine,all,limited,2021-10-11_08-00-56
202105,male,fully_vaccinated,0,0,18628,0,NA,CHFL,COVID19Death,vaccine,all,limited,2021-10-11_08-00-56
202105,male,partially_vaccinated,4,8,138712,2.88,NA,CHFL,COVID19Death,vaccine,all,limited,2021-10-11_08-00-56
202105,male,not_vaccinated,29,57,4130738,0.7,NA,CHFL,COVID19Death,vaccine,all,limited,2021-10-11_08-00-56
202105,male,unknown,46,100,NA,NA,NA,CHFL,COVID19Death,vaccine,all,limited,2021-10-11_08-00-56
202105,unknown,fully_vaccinated,0,0,0,NA,NA,CHFL,COVID19Death,vaccine,all,limited,2021-10-11_08-00-56
202105,unknown,partially_vaccinated,0,0,41,0,NA,CHFL,COVID19Death,vaccine,all,limited,2021-10-11_08-00-56
202105,unknown,not_vaccinated,0,0,NA,NA,NA,CHFL,COVID19Death,vaccine,all,limited,2021-10-11_08-00-56
202105,unknown,unknown,0,0,NA,NA,NA,CHFL,COVID19Death,vaccine,all,limited,2021-10-11_08-00-56
202106,female,fully_vaccinated,1,1,60986,1.64,NA,CHFL,COVID19Death,vaccine,all,limited,2021-10-11_08-00-56
202106,female,partially_vaccinated,5,17,188643,2.65,NA,CHFL,COVID19Death,vaccine,all,limited,2021-10-11_08-00-56
202106,female,not_vaccinated,22,71,4107073,0.54,NA,CHFL,COVID19Death,vaccine,all,limited,2021-10-11_08-00-56
202106,female,unknown,26,136,NA,NA,NA,CHFL,COVID19Death,vaccine,all,limited,2021-10-11_08-00-56
202106,male,fully_vaccinated,0,0,42146,0,NA,CHFL,COVID19Death,vaccine,all,limited,2021-10-11_08-00-56
202106,male,partially_vaccinated,5,13,147270,3.4,NA,CHFL,COVID19Death,vaccine,all,limited,2021-10-11_08-00-56
202106,male,not_vaccinated,33,90,4098662,0.81,NA,CHFL,COVID19Death,vaccine,all,limited,2021-10-11_08-00-56
202106,male,unknown,37,137,NA,NA,NA,CHFL,COVID19Death,vaccine,all,limited,2021-10-11_08-00-56
202106,unknown,fully_vaccinated,0,0,4,0,NA,CHFL,COVID19Death,vaccine,all,limited,2021-10-11_08-00-56
202106,unknown,partially_vaccinated,0,0,54,0,NA,CHFL,COVID19Death,vaccine,all,limited,2021-10-11_08-00-56
202106,unknown,not_vaccinated,0,0,NA,NA,NA,CHFL,COVID19Death,vaccine,all,limited,2021-10-11_08-00-56
202106,unknown,unknown,0,0,NA,NA,NA,CHFL,COVID19Death,vaccine,all,limited,2021-10-11_08-00-56
202107,female,fully_vaccinated,0,1,100361,0,NA,CHFL,COVID19Death,vaccine,all,limited,2021-10-11_08-00-56
202107,female,partially_vaccinated,4,21,183074,2.18,NA,CHFL,COVID19Death,vaccine,all,limited,2021-10-11_08-00-56
202107,female,not_vaccinated,13,84,4073267,0.32,NA,CHFL,COVID19Death,vaccine,all,limited,2021-10-11_08-00-56
202107,female,unknown,27,163,NA,NA,NA,CHFL,COVID19Death,vaccine,all,limited,2021-10-11_08-00-56
202107,male,fully_vaccinated,0,0,75022,0,NA,CHFL,COVID19Death,vaccine,all,limited,2021-10-11_08-00-56
202107,male,partially_vaccinated,0,13,139250,0,NA,CHFL,COVID19Death,vaccine,all,limited,2021-10-11_08-00-56
202107,male,not_vaccinated,22,112,4073806,0.54,NA,CHFL,COVID19Death,vaccine,all,limited,2021-10-11_08-00-56
202107,male,unknown,18,155,NA,NA,NA,CHFL,COVID19Death,vaccine,all,limited,2021-10-11_08-00-56
202107,unknown,fully_vaccinated,0,0,12,0,NA,CHFL,COVID19Death,vaccine,all,limited,2021-10-11_08-00-56
202107,unknown,partially_vaccinated,0,0,57,0,NA,CHFL,COVID19Death,vaccine,all,limited,2021-10-11_08-00-56
202107,unknown,not_vaccinated,0,0,NA,NA,NA,CHFL,COVID19Death,vaccine,all,limited,2021-10-11_08-00-56
202107,unknown,unknown,0,0,NA,NA,NA,CHFL,COVID19Death,vaccine,all,limited,2021-10-11_08-00-56
202108,female,fully_vaccinated,2,3,150102,1.33,NA,CHFL,COVID19Death,vaccine,all,limited,2021-10-11_08-00-56
202108,female,partially_vaccinated,3,24,161232,1.86,NA,CHFL,COVID19Death,vaccine,all,limited,2021-10-11_08-00-56
202108,female,not_vaccinated,7,91,4045368,0.17,NA,CHFL,COVID19Death,vaccine,all,limited,2021-10-11_08-00-56
202108,female,unknown,15,178,NA,NA,NA,CHFL,COVID19Death,vaccine,all,limited,2021-10-11_08-00-56
202108,male,fully_vaccinated,1,1,115199,0.87,NA,CHFL,COVID19Death,vaccine,all,limited,2021-10-11_08-00-56
202108,male,partially_vaccinated,5,18,119751,4.18,NA,CHFL,COVID19Death,vaccine,all,limited,2021-10-11_08-00-56
202108,male,not_vaccinated,12,124,4053128,0.3,NA,CHFL,COVID19Death,vaccine,all,limited,2021-10-11_08-00-56
202108,male,unknown,18,173,NA,NA,NA,CHFL,COVID19Death,vaccine,all,limited,2021-10-11_08-00-56
202108,unknown,fully_vaccinated,0,0,25,0,NA,CHFL,COVID19Death,vaccine,all,limited,2021-10-11_08-00-56
202108,unknown,partially_vaccinated,0,0,47,0,NA,CHFL,COVID19Death,vaccine,all,limited,2021-10-11_08-00-56
202108,unknown,not_vaccinated,0,0,NA,NA,NA,CHFL,COVID19Death,vaccine,all,limited,2021-10-11_08-00-56
202108,unknown,unknown,0,0,NA,NA,NA,CHFL,COVID19Death,vaccine,all,limited,2021-10-11_08-00-56
202109,female,fully_vaccinated,0,3,193559,0,NA,CHFL,COVID19Death,vaccine,all,limited,2021-10-11_08-00-56
202109,female,partially_vaccinated,2,26,159396,1.25,NA,CHFL,COVID19Death,vaccine,all,limited,2021-10-11_08-00-56
202109,female,not_vaccinated,14,105,4003747,0.35,NA,CHFL,COVID19Death,vaccine,all,limited,2021-10-11_08-00-56
202109,female,unknown,15,193,NA,NA,NA,CHFL,COVID19Death,vaccine,all,limited,2021-10-11_08-00-56
202109,male,fully_vaccinated,0,1,148445,0,NA,CHFL,COVID19Death,vaccine,all,limited,2021-10-11_08-00-56
202109,male,partially_vaccinated,1,19,120051,0.83,NA,CHFL,COVID19Death,vaccine,all,limited,2021-10-11_08-00-56
202109,male,not_vaccinated,11,135,4019582,0.27,NA,CHFL,COVID19Death,vaccine,all,limited,2021-10-11_08-00-56
202109,male,unknown,23,196,NA,NA,NA,CHFL,COVID19Death,vaccine,all,limited,2021-10-11_08-00-56
202109,unknown,fully_vaccinated,0,0,37,0,NA,CHFL,COVID19Death,vaccine,all,limited,2021-10-11_08-00-56
202109,unknown,partially_vaccinated,0,0,41,0,NA,CHFL,COVID19Death,vaccine,all,limited,2021-10-11_08-00-56
202109,unknown,not_vaccinated,0,0,NA,NA,NA,CHFL,COVID19Death,vaccine,all,limited,2021-10-11_08-00-56
202109,unknown,unknown,0,0,NA,NA,NA,CHFL,COVID19Death,vaccine,all,limited,2021-10-11_08-00-56
202110,female,fully_vaccinated,2,5,229220,0.87,NA,CHFL,COVID19Death,vaccine,all,limited,2021-10-11_08-00-56
202110,female,partially_vaccinated,1,27,174358,0.57,NA,CHFL,COVID19Death,vaccine,all,limited,2021-10-11_08-00-56
202110,female,not_vaccinated,14,119,3953124,0.35,NA,CHFL,COVID19Death,vaccine,all,limited,2021-10-11_08-00-56
202110,female,unknown,14,207,NA,NA,NA,CHFL,COVID19Death,vaccine,all,limited,2021-10-11_08-00-56
202110,male,fully_vaccinated,1,2,174999,0.57,NA,CHFL,COVID19Death,vaccine,all,limited,2021-10-11_08-00-56
202110,male,partially_vaccinated,2,21,132874,1.51,NA,CHFL,COVID19Death,vaccine,all,limited,2021-10-11_08-00-56
202110,male,not_vaccinated,24,159,3980205,0.6,NA,CHFL,COVID19Death,vaccine,all,limited,2021-10-11_08-00-56
202110,male,unknown,18,214,NA,NA,NA,CHFL,COVID19Death,vaccine,all,limited,2021-10-11_08-00-56
202110,unknown,fully_vaccinated,0,0,46,0,NA,CHFL,COVID19Death,vaccine,all,limited,2021-10-11_08-00-56
202110,unknown,partially_vaccinated,0,0,41,0,NA,CHFL,COVID19Death,vaccine,all,limited,2021-10-11_08-00-56
202110,unknown,not_vaccinated,0,0,NA,NA,NA,CHFL,COVID19Death,vaccine,all,limited,2021-10-11_08-00-56
202110,unknown,unknown,0,0,NA,NA,NA,CHFL,COVID19Death,vaccine,all,limited,2021-10-11_08-00-56
202111,female,fully_vaccinated,0,5,273065,0,NA,CHFL,COVID19Death,vaccine,all,limited,2021-10-11_08-00-56
202111,female,partially_vaccinated,3,30,172803,1.74,NA,CHFL,COVID19Death,vaccine,all,limited,2021-10-11_08-00-56
202111,female,not_vaccinated,9,128,3910834,0.23,NA,CHFL,COVID19Death,vaccine,all,limited,2021-10-11_08-00-56
202111,female,unknown,14,221,NA,NA,NA,CHFL,COVID19Death,vaccine,all,limited,2021-10-11_08-00-56
202111,male,fully_vaccinated,1,3,204906,0.49,NA,CHFL,COVID19Death,vaccine,all,limited,2021-10-11_08-00-56
202111,male,partially_vaccinated,3,24,138342,2.17,NA,CHFL,COVID19Death,vaccine,all,limited,2021-10-11_08-00-56
202111,male,not_vaccinated,13,172,3944830,0.33,NA,CHFL,COVID19Death,vaccine,all,limited,2021-10-11_08-00-56
202111,male,unknown,18,232,NA,NA,NA,CHFL,COVID19Death,vaccine,all,limited,2021-10-11_08-00-56
202111,unknown,fully_vaccinated,0,0,64,0,NA,CHFL,COVID19Death,vaccine,all,limited,2021-10-11_08-00-56
202111,unknown,partially_vaccinated,0,0,73,0,NA,CHFL,COVID19Death,vaccine,all,limited,2021-10-11_08-00-56
202111,unknown,not_vaccinated,0,0,NA,NA,NA,CHFL,COVID19Death,vaccine,all,limited,2021-10-11_08-00-56
202111,unknown,unknown,0,0,NA,NA,NA,CHFL,COVID19Death,vaccine,all,limited,2021-10-11_08-00-56
202112,female,fully_vaccinated,1,6,312239,0.32,NA,CHFL,COVID19Death,vaccine,all,limited,2021-10-11_08-00-56
202112,female,partially_vaccinated,0,30,195125,0,NA,CHFL,COVID19Death,vaccine,all,limited,2021-10-11_08-00-56
202112,female,not_vaccinated,14,142,3849338,0.36,NA,CHFL,COVID19Death,vaccine,all,limited,2021-10-11_08-00-56
202112,female,unknown,10,231,NA,NA,NA,CHFL,COVID19Death,vaccine,all,limited,2021-10-11_08-00-56
202112,male,fully_vaccinated,1,4,235136,0.43,NA,CHFL,COVID19Death,vaccine,all,limited,2021-10-11_08-00-56
202112,male,partially_vaccinated,4,28,160262,2.5,NA,CHFL,COVID19Death,vaccine,all,limited,2021-10-11_08-00-56
202112,male,not_vaccinated,16,188,3892680,0.41,NA,CHFL,COVID19Death,vaccine,all,limited,2021-10-11_08-00-56
202112,male,unknown,15,247,NA,NA,NA,CHFL,COVID19Death,vaccine,all,limited,2021-10-11_08-00-56
202112,unknown,fully_vaccinated,0,0,69,0,NA,CHFL,COVID19Death,vaccine,all,limited,2021-10-11_08-00-56
202112,unknown,partially_vaccinated,0,0,83,0,NA,CHFL,COVID19Death,vaccine,all,limited,2021-10-11_08-00-56
202112,unknown,not_vaccinated,0,0,NA,NA,NA,CHFL,COVID19Death,vaccine,all,limited,2021-10-11_08-00-56
202112,unknown,unknown,0,0,NA,NA,NA,CHFL,COVID19Death,vaccine,all,limited,2021-10-11_08-00-56
202113,female,fully_vaccinated,0,6,349099,0,NA,CHFL,COVID19Death,vaccine,all,limited,2021-10-11_08-00-56
202113,female,partially_vaccinated,1,31,217952,0.46,NA,CHFL,COVID19Death,vaccine,all,limited,2021-10-11_08-00-56
202113,female,not_vaccinated,20,162,3789651,0.53,NA,CHFL,COVID19Death,vaccine,all,limited,2021-10-11_08-00-56
202113,female,unknown,12,243,NA,NA,NA,CHFL,COVID19Death,vaccine,all,limited,2021-10-11_08-00-56
202113,male,fully_vaccinated,1,5,264864,0.38,NA,CHFL,COVID19Death,vaccine,all,limited,2021-10-11_08-00-56
202113,male,partially_vaccinated,3,31,180083,1.67,NA,CHFL,COVID19Death,vaccine,all,limited,2021-10-11_08-00-56
202113,male,not_vaccinated,21,209,3843131,0.55,NA,CHFL,COVID19Death,vaccine,all,limited,2021-10-11_08-00-56
202113,male,unknown,13,260,NA,NA,NA,CHFL,COVID19Death,vaccine,all,limited,2021-10-11_08-00-56
202113,unknown,fully_vaccinated,0,0,74,0,NA,CHFL,COVID19Death,vaccine,all,limited,2021-10-11_08-00-56
202113,unknown,partially_vaccinated,0,0,94,0,NA,CHFL,COVID19Death,vaccine,all,limited,2021-10-11_08-00-56
202113,unknown,not_vaccinated,0,0,NA,NA,NA,CHFL,COVID19Death,vaccine,all,limited,2021-10-11_08-00-56
202113,unknown,unknown,0,0,NA,NA,NA,CHFL,COVID19Death,vaccine,all,limited,2021-10-11_08-00-56
202114,female,fully_vaccinated,2,8,397962,0.5,NA,CHFL,COVID19Death,vaccine,all,limited,2021-10-11_08-00-56
202114,female,partially_vaccinated,1,32,235589,0.42,NA,CHFL,COVID19Death,vaccine,all,limited,2021-10-11_08-00-56
202114,female,not_vaccinated,11,173,3723151,0.3,NA,CHFL,COVID19Death,vaccine,all,limited,2021-10-11_08-00-56
202114,female,unknown,8,251,NA,NA,NA,CHFL,COVID19Death,vaccine,all,limited,2021-10-11_08-00-56
202114,male,fully_vaccinated,0,5,303679,0,NA,CHFL,COVID19Death,vaccine,all,limited,2021-10-11_08-00-56
202114,male,partially_vaccinated,2,33,199047,1,NA,CHFL,COVID19Death,vaccine,all,limited,2021-10-11_08-00-56
202114,male,not_vaccinated,23,232,3785352,0.61,NA,CHFL,COVID19Death,vaccine,all,limited,2021-10-11_08-00-56
202114,male,unknown,18,278,NA,NA,NA,CHFL,COVID19Death,vaccine,all,limited,2021-10-11_08-00-56
202114,unknown,fully_vaccinated,0,0,83,0,NA,CHFL,COVID19Death,vaccine,all,limited,2021-10-11_08-00-56
202114,unknown,partially_vaccinated,0,0,114,0,NA,CHFL,COVID19Death,vaccine,all,limited,2021-10-11_08-00-56
202114,unknown,not_vaccinated,0,0,NA,NA,NA,CHFL,COVID19Death,vaccine,all,limited,2021-10-11_08-00-56
202114,unknown,unknown,0,0,NA,NA,NA,CHFL,COVID19Death,vaccine,all,limited,2021-10-11_08-00-56
202115,female,fully_vaccinated,2,10,444501,0.45,NA,CHFL,COVID19Death,vaccine,all,limited,2021-10-11_08-00-56
202115,female,partially_vaccinated,1,33,302861,0.33,NA,CHFL,COVID19Death,vaccine,all,limited,2021-10-11_08-00-56
202115,female,not_vaccinated,6,179,3609340,0.17,NA,CHFL,COVID19Death,vaccine,all,limited,2021-10-11_08-00-56
202115,female,unknown,10,261,NA,NA,NA,CHFL,COVID19Death,vaccine,all,limited,2021-10-11_08-00-56
202115,male,fully_vaccinated,1,6,342395,0.29,NA,CHFL,COVID19Death,vaccine,all,limited,2021-10-11_08-00-56
202115,male,partially_vaccinated,2,35,259373,0.77,NA,CHFL,COVID19Death,vaccine,all,limited,2021-10-11_08-00-56
202115,male,not_vaccinated,15,247,3686310,0.41,NA,CHFL,COVID19Death,vaccine,all,limited,2021-10-11_08-00-56
202115,male,unknown,9,287,NA,NA,NA,CHFL,COVID19Death,vaccine,all,limited,2021-10-11_08-00-56
202115,unknown,fully_vaccinated,0,0,130,0,NA,CHFL,COVID19Death,vaccine,all,limited,2021-10-11_08-00-56
202115,unknown,partially_vaccinated,0,0,111,0,NA,CHFL,COVID19Death,vaccine,all,limited,2021-10-11_08-00-56
202115,unknown,not_vaccinated,0,0,NA,NA,NA,CHFL,COVID19Death,vaccine,all,limited,2021-10-11_08-00-56
202115,unknown,unknown,0,0,NA,NA,NA,CHFL,COVID19Death,vaccine,all,limited,2021-10-11_08-00-56
202116,female,fully_vaccinated,2,12,504131,0.4,NA,CHFL,COVID19Death,vaccine,all,limited,2021-10-11_08-00-56
202116,female,partially_vaccinated,0,33,381629,0,NA,CHFL,COVID19Death,vaccine,all,limited,2021-10-11_08-00-56
202116,female,not_vaccinated,12,191,3470942,0.35,NA,CHFL,COVID19Death,vaccine,all,limited,2021-10-11_08-00-56
202116,female,unknown,6,267,NA,NA,NA,CHFL,COVID19Death,vaccine,all,limited,2021-10-11_08-00-56
202116,male,fully_vaccinated,3,9,393367,0.76,NA,CHFL,COVID19Death,vaccine,all,limited,2021-10-11_08-00-56
202116,male,partially_vaccinated,0,35,331365,0,NA,CHFL,COVID19Death,vaccine,all,limited,2021-10-11_08-00-56
202116,male,not_vaccinated,18,265,3563346,0.51,NA,CHFL,COVID19Death,vaccine,all,limited,2021-10-11_08-00-56
202116,male,unknown,13,300,NA,NA,NA,CHFL,COVID19Death,vaccine,all,limited,2021-10-11_08-00-56
202116,unknown,fully_vaccinated,0,0,144,0,NA,CHFL,COVID19Death,vaccine,all,limited,2021-10-11_08-00-56
202116,unknown,partially_vaccinated,0,0,157,0,NA,CHFL,COVID19Death,vaccine,all,limited,2021-10-11_08-00-56
202116,unknown,not_vaccinated,0,0,NA,NA,NA,CHFL,COVID19Death,vaccine,all,limited,2021-10-11_08-00-56
202116,unknown,unknown,0,0,NA,NA,NA,CHFL,COVID19Death,vaccine,all,limited,2021-10-11_08-00-56
202117,female,fully_vaccinated,1,13,563126,0.18,NA,CHFL,COVID19Death,vaccine,all,limited,2021-10-11_08-00-56
202117,female,partially_vaccinated,0,33,473593,0,NA,CHFL,COVID19Death,vaccine,all,limited,2021-10-11_08-00-56
202117,female,not_vaccinated,15,206,3319983,0.45,NA,CHFL,COVID19Death,vaccine,all,limited,2021-10-11_08-00-56
202117,female,unknown,11,278,NA,NA,NA,CHFL,COVID19Death,vaccine,all,limited,2021-10-11_08-00-56
202117,male,fully_vaccinated,3,12,442652,0.68,NA,CHFL,COVID19Death,vaccine,all,limited,2021-10-11_08-00-56
202117,male,partially_vaccinated,3,38,418116,0.72,NA,CHFL,COVID19Death,vaccine,all,limited,2021-10-11_08-00-56
202117,male,not_vaccinated,23,288,3427310,0.67,NA,CHFL,COVID19Death,vaccine,all,limited,2021-10-11_08-00-56
202117,male,unknown,13,313,NA,NA,NA,CHFL,COVID19Death,vaccine,all,limited,2021-10-11_08-00-56
202117,unknown,fully_vaccinated,0,0,158,0,NA,CHFL,COVID19Death,vaccine,all,limited,2021-10-11_08-00-56
202117,unknown,partially_vaccinated,0,0,208,0,NA,CHFL,COVID19Death,vaccine,all,limited,2021-10-11_08-00-56
202117,unknown,not_vaccinated,0,0,NA,NA,NA,CHFL,COVID19Death,vaccine,all,limited,2021-10-11_08-00-56
202117,unknown,unknown,0,0,NA,NA,NA,CHFL,COVID19Death,vaccine,all,limited,2021-10-11_08-00-56
202118,female,fully_vaccinated,1,14,636652,0.16,NA,CHFL,COVID19Death,vaccine,all,limited,2021-10-11_08-00-56
202118,female,partially_vaccinated,0,33,570654,0,NA,CHFL,COVID19Death,vaccine,all,limited,2021-10-11_08-00-56
202118,female,not_vaccinated,8,214,3149396,0.25,NA,CHFL,COVID19Death,vaccine,all,limited,2021-10-11_08-00-56
202118,female,unknown,11,289,NA,NA,NA,CHFL,COVID19Death,vaccine,all,limited,2021-10-11_08-00-56
202118,male,fully_vaccinated,2,14,506088,0.4,NA,CHFL,COVID19Death,vaccine,all,limited,2021-10-11_08-00-56
202118,male,partially_vaccinated,0,38,508928,0,NA,CHFL,COVID19Death,vaccine,all,limited,2021-10-11_08-00-56
202118,male,not_vaccinated,13,301,3273062,0.4,NA,CHFL,COVID19Death,vaccine,all,limited,2021-10-11_08-00-56
202118,male,unknown,7,320,NA,NA,NA,CHFL,COVID19Death,vaccine,all,limited,2021-10-11_08-00-56
202118,unknown,fully_vaccinated,0,0,186,0,NA,CHFL,COVID19Death,vaccine,all,limited,2021-10-11_08-00-56
202118,unknown,partially_vaccinated,0,0,279,0,NA,CHFL,COVID19Death,vaccine,all,limited,2021-10-11_08-00-56
202118,unknown,not_vaccinated,0,0,NA,NA,NA,CHFL,COVID19Death,vaccine,all,limited,2021-10-11_08-00-56
202118,unknown,unknown,0,0,NA,NA,NA,CHFL,COVID19Death,vaccine,all,limited,2021-10-11_08-00-56
202119,female,fully_vaccinated,0,14,738342,0,NA,CHFL,COVID19Death,vaccine,all,limited,2021-10-11_08-00-56
202119,female,partially_vaccinated,0,33,612672,0,NA,CHFL,COVID19Death,vaccine,all,limited,2021-10-11_08-00-56
202119,female,not_vaccinated,8,222,3005688,0.27,NA,CHFL,COVID19Death,vaccine,all,limited,2021-10-11_08-00-56
202119,female,unknown,4,293,NA,NA,NA,CHFL,COVID19Death,vaccine,all,limited,2021-10-11_08-00-56
202119,male,fully_vaccinated,2,16,595814,0.34,NA,CHFL,COVID19Death,vaccine,all,limited,2021-10-11_08-00-56
202119,male,partially_vaccinated,1,39,563020,0.18,NA,CHFL,COVID19Death,vaccine,all,limited,2021-10-11_08-00-56
202119,male,not_vaccinated,10,311,3129244,0.32,NA,CHFL,COVID19Death,vaccine,all,limited,2021-10-11_08-00-56
202119,male,unknown,5,325,NA,NA,NA,CHFL,COVID19Death,vaccine,all,limited,2021-10-11_08-00-56
202119,unknown,fully_vaccinated,0,0,222,0,NA,CHFL,COVID19Death,vaccine,all,limited,2021-10-11_08-00-56
202119,unknown,partially_vaccinated,0,0,315,0,NA,CHFL,COVID19Death,vaccine,all,limited,2021-10-11_08-00-56
202119,unknown,not_vaccinated,0,0,NA,NA,NA,CHFL,COVID19Death,vaccine,all,limited,2021-10-11_08-00-56
202119,unknown,unknown,0,0,NA,NA,NA,CHFL,COVID19Death,vaccine,all,limited,2021-10-11_08-00-56
202120,female,fully_vaccinated,2,16,878335,0.23,NA,CHFL,COVID19Death,vaccine,all,limited,2021-10-11_08-00-56
202120,female,partially_vaccinated,0,33,631249,0,NA,CHFL,COVID19Death,vaccine,all,limited,2021-10-11_08-00-56
202120,female,not_vaccinated,9,231,2847118,0.32,NA,CHFL,COVID19Death,vaccine,all,limited,2021-10-11_08-00-56
202120,female,unknown,2,295,NA,NA,NA,CHFL,COVID19Death,vaccine,all,limited,2021-10-11_08-00-56
202120,male,fully_vaccinated,0,16,721097,0,NA,CHFL,COVID19Death,vaccine,all,limited,2021-10-11_08-00-56
202120,male,partially_vaccinated,0,39,598033,0,NA,CHFL,COVID19Death,vaccine,all,limited,2021-10-11_08-00-56
202120,male,not_vaccinated,14,325,2968948,0.47,NA,CHFL,COVID19Death,vaccine,all,limited,2021-10-11_08-00-56
202120,male,unknown,6,331,NA,NA,NA,CHFL,COVID19Death,vaccine,all,limited,2021-10-11_08-00-56
202120,unknown,fully_vaccinated,0,0,277,0,NA,CHFL,COVID19Death,vaccine,all,limited,2021-10-11_08-00-56
202120,unknown,partially_vaccinated,0,0,332,0,NA,CHFL,COVID19Death,vaccine,all,limited,2021-10-11_08-00-56
202120,unknown,not_vaccinated,0,0,NA,NA,NA,CHFL,COVID19Death,vaccine,all,limited,2021-10-11_08-00-56
202120,unknown,unknown,0,0,NA,NA,NA,CHFL,COVID19Death,vaccine,all,limited,2021-10-11_08-00-56
202121,female,fully_vaccinated,0,16,1022878,0,NA,CHFL,COVID19Death,vaccine,all,limited,2021-10-11_08-00-56
202121,female,partially_vaccinated,0,33,628087,0,NA,CHFL,COVID19Death,vaccine,all,limited,2021-10-11_08-00-56
202121,female,not_vaccinated,5,236,2705737,0.18,NA,CHFL,COVID19Death,vaccine,all,limited,2021-10-11_08-00-56
202121,female,unknown,4,299,NA,NA,NA,CHFL,COVID19Death,vaccine,all,limited,2021-10-11_08-00-56
202121,male,fully_vaccinated,2,18,851762,0.23,NA,CHFL,COVID19Death,vaccine,all,limited,2021-10-11_08-00-56
202121,male,partially_vaccinated,0,39,620297,0,NA,CHFL,COVID19Death,vaccine,all,limited,2021-10-11_08-00-56
202121,male,not_vaccinated,5,330,2816019,0.18,NA,CHFL,COVID19Death,vaccine,all,limited,2021-10-11_08-00-56
202121,male,unknown,3,334,NA,NA,NA,CHFL,COVID19Death,vaccine,all,limited,2021-10-11_08-00-56
202121,unknown,fully_vaccinated,0,0,342,0,NA,CHFL,COVID19Death,vaccine,all,limited,2021-10-11_08-00-56
202121,unknown,partially_vaccinated,0,0,362,0,NA,CHFL,COVID19Death,vaccine,all,limited,2021-10-11_08-00-56
202121,unknown,not_vaccinated,0,0,NA,NA,NA,CHFL,COVID19Death,vaccine,all,limited,2021-10-11_08-00-56
202121,unknown,unknown,0,0,NA,NA,NA,CHFL,COVID19Death,vaccine,all,limited,2021-10-11_08-00-56
202122,female,fully_vaccinated,3,19,1187293,0.25,NA,CHFL,COVID19Death,vaccine,all,limited,2021-10-11_08-00-56
202122,female,partially_vaccinated,0,33,626144,0,NA,CHFL,COVID19Death,vaccine,all,limited,2021-10-11_08-00-56
202122,female,not_vaccinated,9,245,2543265,0.35,NA,CHFL,COVID19Death,vaccine,all,limited,2021-10-11_08-00-56
202122,female,unknown,2,301,NA,NA,NA,CHFL,COVID19Death,vaccine,all,limited,2021-10-11_08-00-56
202122,male,fully_vaccinated,1,19,1000483,0.1,NA,CHFL,COVID19Death,vaccine,all,limited,2021-10-11_08-00-56
202122,male,partially_vaccinated,0,39,648588,0,NA,CHFL,COVID19Death,vaccine,all,limited,2021-10-11_08-00-56
202122,male,not_vaccinated,7,337,2639007,0.27,NA,CHFL,COVID19Death,vaccine,all,limited,2021-10-11_08-00-56
202122,male,unknown,3,337,NA,NA,NA,CHFL,COVID19Death,vaccine,all,limited,2021-10-11_08-00-56
202122,unknown,fully_vaccinated,0,0,431,0,NA,CHFL,COVID19Death,vaccine,all,limited,2021-10-11_08-00-56
202122,unknown,partially_vaccinated,0,0,383,0,NA,CHFL,COVID19Death,vaccine,all,limited,2021-10-11_08-00-56
202122,unknown,not_vaccinated,0,0,NA,NA,NA,CHFL,COVID19Death,vaccine,all,limited,2021-10-11_08-00-56
202122,unknown,unknown,0,0,NA,NA,NA,CHFL,COVID19Death,vaccine,all,limited,2021-10-11_08-00-56
202123,female,fully_vaccinated,0,19,1342608,0,NA,CHFL,COVID19Death,vaccine,all,limited,2021-10-11_08-00-56
202123,female,partially_vaccinated,1,34,640949,0.16,NA,CHFL,COVID19Death,vaccine,all,limited,2021-10-11_08-00-56
202123,female,not_vaccinated,2,247,2373145,0.08,NA,CHFL,COVID19Death,vaccine,all,limited,2021-10-11_08-00-56
202123,female,unknown,1,302,NA,NA,NA,CHFL,COVID19Death,vaccine,all,limited,2021-10-11_08-00-56
202123,male,fully_vaccinated,1,20,1151935,0.09,NA,CHFL,COVID19Death,vaccine,all,limited,2021-10-11_08-00-56
202123,male,partially_vaccinated,1,40,683689,0.15,NA,CHFL,COVID19Death,vaccine,all,limited,2021-10-11_08-00-56
202123,male,not_vaccinated,5,342,2452454,0.2,NA,CHFL,COVID19Death,vaccine,all,limited,2021-10-11_08-00-56
202123,male,unknown,5,342,NA,NA,NA,CHFL,COVID19Death,vaccine,all,limited,2021-10-11_08-00-56
202123,unknown,fully_vaccinated,0,0,495,0,NA,CHFL,COVID19Death,vaccine,all,limited,2021-10-11_08-00-56
202123,unknown,partially_vaccinated,0,0,463,0,NA,CHFL,COVID19Death,vaccine,all,limited,2021-10-11_08-00-56
202123,unknown,not_vaccinated,0,0,NA,NA,NA,CHFL,COVID19Death,vaccine,all,limited,2021-10-11_08-00-56
202123,unknown,unknown,0,0,NA,NA,NA,CHFL,COVID19Death,vaccine,all,limited,2021-10-11_08-00-56
202124,female,fully_vaccinated,0,19,1498681,0,NA,CHFL,COVID19Death,vaccine,all,limited,2021-10-11_08-00-56
202124,female,partially_vaccinated,0,34,631726,0,NA,CHFL,COVID19Death,vaccine,all,limited,2021-10-11_08-00-56
202124,female,not_vaccinated,2,249,2226295,0.09,NA,CHFL,COVID19Death,vaccine,all,limited,2021-10-11_08-00-56
202124,female,unknown,2,304,NA,NA,NA,CHFL,COVID19Death,vaccine,all,limited,2021-10-11_08-00-56
202124,male,fully_vaccinated,0,20,1310505,0,NA,CHFL,COVID19Death,vaccine,all,limited,2021-10-11_08-00-56
202124,male,partially_vaccinated,0,40,688702,0,NA,CHFL,COVID19Death,vaccine,all,limited,2021-10-11_08-00-56
202124,male,not_vaccinated,5,347,2288871,0.22,NA,CHFL,COVID19Death,vaccine,all,limited,2021-10-11_08-00-56
202124,male,unknown,3,345,NA,NA,NA,CHFL,COVID19Death,vaccine,all,limited,2021-10-11_08-00-56
202124,unknown,fully_vaccinated,0,0,577,0,NA,CHFL,COVID19Death,vaccine,all,limited,2021-10-11_08-00-56
202124,unknown,partially_vaccinated,0,0,559,0,NA,CHFL,COVID19Death,vaccine,all,limited,2021-10-11_08-00-56
202124,unknown,not_vaccinated,0,0,NA,NA,NA,CHFL,COVID19Death,vaccine,all,limited,2021-10-11_08-00-56
202124,unknown,unknown,0,0,NA,NA,NA,CHFL,COVID19Death,vaccine,all,limited,2021-10-11_08-00-56
202125,female,fully_vaccinated,0,19,1646769,0,NA,CHFL,COVID19Death,vaccine,all,limited,2021-10-11_08-00-56
202125,female,partially_vaccinated,0,34,593143,0,NA,CHFL,COVID19Death,vaccine,all,limited,2021-10-11_08-00-56
202125,female,not_vaccinated,2,251,2116790,0.09,NA,CHFL,COVID19Death,vaccine,all,limited,2021-10-11_08-00-56
202125,female,unknown,0,304,NA,NA,NA,CHFL,COVID19Death,vaccine,all,limited,2021-10-11_08-00-56
202125,male,fully_vaccinated,1,21,1470406,0.07,NA,CHFL,COVID19Death,vaccine,all,limited,2021-10-11_08-00-56
202125,male,partially_vaccinated,0,40,651436,0,NA,CHFL,COVID19Death,vaccine,all,limited,2021-10-11_08-00-56
202125,male,not_vaccinated,2,349,2166236,0.09,NA,CHFL,COVID19Death,vaccine,all,limited,2021-10-11_08-00-56
202125,male,unknown,2,347,NA,NA,NA,CHFL,COVID19Death,vaccine,all,limited,2021-10-11_08-00-56
202125,unknown,fully_vaccinated,0,0,676,0,NA,CHFL,COVID19Death,vaccine,all,limited,2021-10-11_08-00-56
202125,unknown,partially_vaccinated,0,0,624,0,NA,CHFL,COVID19Death,vaccine,all,limited,2021-10-11_08-00-56
202125,unknown,not_vaccinated,0,0,NA,NA,NA,CHFL,COVID19Death,vaccine,all,limited,2021-10-11_08-00-56
202125,unknown,unknown,0,0,NA,NA,NA,CHFL,COVID19Death,vaccine,all,limited,2021-10-11_08-00-56
202126,female,fully_vaccinated,0,19,1806496,0,NA,CHFL,COVID19Death,vaccine,all,intermediate,2021-10-11_08-00-56
202126,female,partially_vaccinated,0,34,495470,0,NA,CHFL,COVID19Death,vaccine,all,intermediate,2021-10-11_08-00-56
202126,female,not_vaccinated,0,251,2054736,0,NA,CHFL,COVID19Death,vaccine,all,intermediate,2021-10-11_08-00-56
202126,female,unknown,2,306,NA,NA,NA,CHFL,COVID19Death,vaccine,all,intermediate,2021-10-11_08-00-56
202126,male,fully_vaccinated,0,21,1644774,0,NA,CHFL,COVID19Death,vaccine,all,intermediate,2021-10-11_08-00-56
202126,male,partially_vaccinated,0,40,543293,0,NA,CHFL,COVID19Death,vaccine,all,intermediate,2021-10-11_08-00-56
202126,male,not_vaccinated,1,350,2100011,0.05,NA,CHFL,COVID19Death,vaccine,all,intermediate,2021-10-11_08-00-56
202126,male,unknown,0,347,NA,NA,NA,CHFL,COVID19Death,vaccine,all,intermediate,2021-10-11_08-00-56
202126,unknown,fully_vaccinated,0,0,782,0,NA,CHFL,COVID19Death,vaccine,all,intermediate,2021-10-11_08-00-56
202126,unknown,partially_vaccinated,0,0,597,0,NA,CHFL,COVID19Death,vaccine,all,intermediate,2021-10-11_08-00-56
202126,unknown,not_vaccinated,0,0,NA,NA,NA,CHFL,COVID19Death,vaccine,all,intermediate,2021-10-11_08-00-56
202126,unknown,unknown,0,0,NA,NA,NA,CHFL,COVID19Death,vaccine,all,intermediate,2021-10-11_08-00-56
202127,female,fully_vaccinated,0,19,1966567,0,NA,CHFL,COVID19Death,vaccine,all,intermediate,2021-10-11_08-00-56
202127,female,partially_vaccinated,0,34,377669,0,NA,CHFL,COVID19Death,vaccine,all,intermediate,2021-10-11_08-00-56
202127,female,not_vaccinated,2,253,2012466,0.1,NA,CHFL,COVID19Death,vaccine,all,intermediate,2021-10-11_08-00-56
202127,female,unknown,0,306,NA,NA,NA,CHFL,COVID19Death,vaccine,all,intermediate,2021-10-11_08-00-56
202127,male,fully_vaccinated,0,21,1820653,0,NA,CHFL,COVID19Death,vaccine,all,intermediate,2021-10-11_08-00-56
202127,male,partially_vaccinated,0,40,412187,0,NA,CHFL,COVID19Death,vaccine,all,intermediate,2021-10-11_08-00-56
202127,male,not_vaccinated,1,351,2055238,0.05,NA,CHFL,COVID19Death,vaccine,all,intermediate,2021-10-11_08-00-56
202127,male,unknown,0,347,NA,NA,NA,CHFL,COVID19Death,vaccine,all,intermediate,2021-10-11_08-00-56
202127,unknown,fully_vaccinated,0,0,909,0,NA,CHFL,COVID19Death,vaccine,all,intermediate,2021-10-11_08-00-56
202127,unknown,partially_vaccinated,0,0,520,0,NA,CHFL,COVID19Death,vaccine,all,intermediate,2021-10-11_08-00-56
202127,unknown,not_vaccinated,0,0,NA,NA,NA,CHFL,COVID19Death,vaccine,all,intermediate,2021-10-11_08-00-56
202127,unknown,unknown,0,0,NA,NA,NA,CHFL,COVID19Death,vaccine,all,intermediate,2021-10-11_08-00-56
202128,female,fully_vaccinated,0,19,2106400,0,NA,CHFL,COVID19Death,vaccine,all,intermediate,2021-10-11_08-00-56
202128,female,partially_vaccinated,0,34,274688,0,NA,CHFL,COVID19Death,vaccine,all,intermediate,2021-10-11_08-00-56
202128,female,not_vaccinated,0,253,1975614,0,NA,CHFL,COVID19Death,vaccine,all,intermediate,2021-10-11_08-00-56
202128,female,unknown,0,306,NA,NA,NA,CHFL,COVID19Death,vaccine,all,intermediate,2021-10-11_08-00-56
202128,male,fully_vaccinated,1,22,1977429,0.05,NA,CHFL,COVID19Death,vaccine,all,intermediate,2021-10-11_08-00-56
202128,male,partially_vaccinated,1,41,293640,0.34,NA,CHFL,COVID19Death,vaccine,all,intermediate,2021-10-11_08-00-56
202128,male,not_vaccinated,0,351,2017009,0,NA,CHFL,COVID19Death,vaccine,all,intermediate,2021-10-11_08-00-56
202128,male,unknown,0,347,NA,NA,NA,CHFL,COVID19Death,vaccine,all,intermediate,2021-10-11_08-00-56
202128,unknown,fully_vaccinated,0,0,1071,0,NA,CHFL,COVID19Death,vaccine,all,intermediate,2021-10-11_08-00-56
202128,unknown,partially_vaccinated,0,0,394,0,NA,CHFL,COVID19Death,vaccine,all,intermediate,2021-10-11_08-00-56
202128,unknown,not_vaccinated,0,0,NA,NA,NA,CHFL,COVID19Death,vaccine,all,intermediate,2021-10-11_08-00-56
202128,unknown,unknown,0,0,NA,NA,NA,CHFL,COVID19Death,vaccine,all,intermediate,2021-10-11_08-00-56
202129,female,fully_vaccinated,0,19,2213529,0,NA,CHFL,COVID19Death,vaccine,all,intermediate,2021-10-11_08-00-56
202129,female,partially_vaccinated,0,34,202532,0,NA,CHFL,COVID19Death,vaccine,all,intermediate,2021-10-11_08-00-56
202129,female,not_vaccinated,0,253,1940641,0,NA,CHFL,COVID19Death,vaccine,all,intermediate,2021-10-11_08-00-56
202129,female,unknown,0,306,NA,NA,NA,CHFL,COVID19Death,vaccine,all,intermediate,2021-10-11_08-00-56
202129,male,fully_vaccinated,0,22,2098734,0,NA,CHFL,COVID19Death,vaccine,all,intermediate,2021-10-11_08-00-56
202129,male,partially_vaccinated,0,41,208478,0,NA,CHFL,COVID19Death,vaccine,all,intermediate,2021-10-11_08-00-56
202129,male,not_vaccinated,5,356,1980866,0.25,NA,CHFL,COVID19Death,vaccine,all,intermediate,2021-10-11_08-00-56
202129,male,unknown,0,347,NA,NA,NA,CHFL,COVID19Death,vaccine,all,intermediate,2021-10-11_08-00-56
202129,unknown,fully_vaccinated,0,0,1213,0,NA,CHFL,COVID19Death,vaccine,all,intermediate,2021-10-11_08-00-56
202129,unknown,partially_vaccinated,0,0,285,0,NA,CHFL,COVID19Death,vaccine,all,intermediate,2021-10-11_08-00-56
202129,unknown,not_vaccinated,0,0,NA,NA,NA,CHFL,COVID19Death,vaccine,all,intermediate,2021-10-11_08-00-56
202129,unknown,unknown,0,0,NA,NA,NA,CHFL,COVID19Death,vaccine,all,intermediate,2021-10-11_08-00-56
202130,female,fully_vaccinated,1,20,2273714,0.04,NA,CHFL,COVID19Death,vaccine,all,intermediate,2021-10-11_08-00-56
202130,female,partially_vaccinated,0,34,175116,0,NA,CHFL,COVID19Death,vaccine,all,intermediate,2021-10-11_08-00-56
202130,female,not_vaccinated,2,255,1907872,0.1,NA,CHFL,COVID19Death,vaccine,all,intermediate,2021-10-11_08-00-56
202130,female,unknown,2,308,NA,NA,NA,CHFL,COVID19Death,vaccine,all,intermediate,2021-10-11_08-00-56
202130,male,fully_vaccinated,0,22,2164132,0,NA,CHFL,COVID19Death,vaccine,all,intermediate,2021-10-11_08-00-56
202130,male,partially_vaccinated,0,41,177224,0,NA,CHFL,COVID19Death,vaccine,all,intermediate,2021-10-11_08-00-56
202130,male,not_vaccinated,6,362,1946722,0.31,NA,CHFL,COVID19Death,vaccine,all,intermediate,2021-10-11_08-00-56
202130,male,unknown,0,347,NA,NA,NA,CHFL,COVID19Death,vaccine,all,intermediate,2021-10-11_08-00-56
202130,unknown,fully_vaccinated,0,0,1294,0,NA,CHFL,COVID19Death,vaccine,all,intermediate,2021-10-11_08-00-56
202130,unknown,partially_vaccinated,0,0,240,0,NA,CHFL,COVID19Death,vaccine,all,intermediate,2021-10-11_08-00-56
202130,unknown,not_vaccinated,0,0,NA,NA,NA,CHFL,COVID19Death,vaccine,all,intermediate,2021-10-11_08-00-56
202130,unknown,unknown,0,0,NA,NA,NA,CHFL,COVID19Death,vaccine,all,intermediate,2021-10-11_08-00-56
202131,female,fully_vaccinated,0,20,2315820,0,NA,CHFL,COVID19Death,vaccine,all,intermediate,2021-10-11_08-00-56
202131,female,partially_vaccinated,0,34,159597,0,NA,CHFL,COVID19Death,vaccine,all,intermediate,2021-10-11_08-00-56
202131,female,not_vaccinated,3,258,1881285,0.16,NA,CHFL,COVID19Death,vaccine,all,intermediate,2021-10-11_08-00-56
202131,female,unknown,0,308,NA,NA,NA,CHFL,COVID19Death,vaccine,all,intermediate,2021-10-11_08-00-56
202131,male,fully_vaccinated,0,22,2208568,0,NA,CHFL,COVID19Death,vaccine,all,intermediate,2021-10-11_08-00-56
202131,male,partially_vaccinated,0,41,160800,0,NA,CHFL,COVID19Death,vaccine,all,intermediate,2021-10-11_08-00-56
202131,male,not_vaccinated,0,362,1918710,0,NA,CHFL,COVID19Death,vaccine,all,intermediate,2021-10-11_08-00-56
202131,male,unknown,0,347,NA,NA,NA,CHFL,COVID19Death,vaccine,all,intermediate,2021-10-11_08-00-56
202131,unknown,fully_vaccinated,0,0,1340,0,NA,CHFL,COVID19Death,vaccine,all,intermediate,2021-10-11_08-00-56
202131,unknown,partially_vaccinated,0,0,210,0,NA,CHFL,COVID19Death,vaccine,all,intermediate,2021-10-11_08-00-56
202131,unknown,not_vaccinated,0,0,NA,NA,NA,CHFL,COVID19Death,vaccine,all,intermediate,2021-10-11_08-00-56
202131,unknown,unknown,0,0,NA,NA,NA,CHFL,COVID19Death,vaccine,all,intermediate,2021-10-11_08-00-56
202132,female,fully_vaccinated,2,22,2353767,0.08,NA,CHFL,COVID19Death,vaccine,all,intermediate,2021-10-11_08-00-56
202132,female,partially_vaccinated,0,34,152982,0,NA,CHFL,COVID19Death,vaccine,all,intermediate,2021-10-11_08-00-56
202132,female,not_vaccinated,3,261,1849953,0.16,NA,CHFL,COVID19Death,vaccine,all,intermediate,2021-10-11_08-00-56
202132,female,unknown,1,309,NA,NA,NA,CHFL,COVID19Death,vaccine,all,intermediate,2021-10-11_08-00-56
202132,male,fully_vaccinated,2,24,2247727,0.09,NA,CHFL,COVID19Death,vaccine,all,intermediate,2021-10-11_08-00-56
202132,male,partially_vaccinated,0,41,153801,0,NA,CHFL,COVID19Death,vaccine,all,intermediate,2021-10-11_08-00-56
202132,male,not_vaccinated,3,365,1886550,0.16,NA,CHFL,COVID19Death,vaccine,all,intermediate,2021-10-11_08-00-56
202132,male,unknown,3,350,NA,NA,NA,CHFL,COVID19Death,vaccine,all,intermediate,2021-10-11_08-00-56
202132,unknown,fully_vaccinated,0,0,1372,0,NA,CHFL,COVID19Death,vaccine,all,intermediate,2021-10-11_08-00-56
202132,unknown,partially_vaccinated,0,0,203,0,NA,CHFL,COVID19Death,vaccine,all,intermediate,2021-10-11_08-00-56
202132,unknown,not_vaccinated,0,0,NA,NA,NA,CHFL,COVID19Death,vaccine,all,intermediate,2021-10-11_08-00-56
202132,unknown,unknown,0,0,NA,NA,NA,CHFL,COVID19Death,vaccine,all,intermediate,2021-10-11_08-00-56
202133,female,fully_vaccinated,5,27,2391469,0.21,NA,CHFL,COVID19Death,vaccine,all,intermediate,2021-10-11_08-00-56
202133,female,partially_vaccinated,0,34,151909,0,NA,CHFL,COVID19Death,vaccine,all,intermediate,2021-10-11_08-00-56
202133,female,not_vaccinated,7,268,1813324,0.39,NA,CHFL,COVID19Death,vaccine,all,intermediate,2021-10-11_08-00-56
202133,female,unknown,3,312,NA,NA,NA,CHFL,COVID19Death,vaccine,all,intermediate,2021-10-11_08-00-56
202133,male,fully_vaccinated,4,28,2286744,0.17,NA,CHFL,COVID19Death,vaccine,all,intermediate,2021-10-11_08-00-56
202133,male,partially_vaccinated,0,41,151662,0,NA,CHFL,COVID19Death,vaccine,all,intermediate,2021-10-11_08-00-56
202133,male,not_vaccinated,6,371,1849672,0.32,NA,CHFL,COVID19Death,vaccine,all,intermediate,2021-10-11_08-00-56
202133,male,unknown,1,351,NA,NA,NA,CHFL,COVID19Death,vaccine,all,intermediate,2021-10-11_08-00-56
202133,unknown,fully_vaccinated,0,0,1401,0,NA,CHFL,COVID19Death,vaccine,all,intermediate,2021-10-11_08-00-56
202133,unknown,partially_vaccinated,0,0,208,0,NA,CHFL,COVID19Death,vaccine,all,intermediate,2021-10-11_08-00-56
202133,unknown,not_vaccinated,0,0,NA,NA,NA,CHFL,COVID19Death,vaccine,all,intermediate,2021-10-11_08-00-56
202133,unknown,unknown,0,0,NA,NA,NA,CHFL,COVID19Death,vaccine,all,intermediate,2021-10-11_08-00-56
202134,female,fully_vaccinated,2,29,2428290,0.08,NA,CHFL,COVID19Death,vaccine,all,intermediate,2021-10-11_08-00-56
202134,female,partially_vaccinated,0,34,162038,0,NA,CHFL,COVID19Death,vaccine,all,intermediate,2021-10-11_08-00-56
202134,female,not_vaccinated,13,281,1766374,0.74,NA,CHFL,COVID19Death,vaccine,all,intermediate,2021-10-11_08-00-56
202134,female,unknown,5,317,NA,NA,NA,CHFL,COVID19Death,vaccine,all,intermediate,2021-10-11_08-00-56
202134,male,fully_vaccinated,3,31,2324839,0.13,NA,CHFL,COVID19Death,vaccine,all,intermediate,2021-10-11_08-00-56
202134,male,partially_vaccinated,0,41,159832,0,NA,CHFL,COVID19Death,vaccine,all,intermediate,2021-10-11_08-00-56
202134,male,not_vaccinated,15,386,1803407,0.83,NA,CHFL,COVID19Death,vaccine,all,intermediate,2021-10-11_08-00-56
202134,male,unknown,5,356,NA,NA,NA,CHFL,COVID19Death,vaccine,all,intermediate,2021-10-11_08-00-56
202134,unknown,fully_vaccinated,0,0,1435,0,NA,CHFL,COVID19Death,vaccine,all,intermediate,2021-10-11_08-00-56
202134,unknown,partially_vaccinated,0,0,212,0,NA,CHFL,COVID19Death,vaccine,all,intermediate,2021-10-11_08-00-56
202134,unknown,not_vaccinated,0,0,NA,NA,NA,CHFL,COVID19Death,vaccine,all,intermediate,2021-10-11_08-00-56
202134,unknown,unknown,0,0,NA,NA,NA,CHFL,COVID19Death,vaccine,all,intermediate,2021-10-11_08-00-56
202135,female,fully_vaccinated,4,33,2458649,0.16,NA,CHFL,COVID19Death,vaccine,all,intermediate,2021-10-11_08-00-56
202135,female,partially_vaccinated,0,34,183284,0,NA,CHFL,COVID19Death,vaccine,all,intermediate,2021-10-11_08-00-56
202135,female,not_vaccinated,10,291,1714769,0.58,NA,CHFL,COVID19Death,vaccine,all,intermediate,2021-10-11_08-00-56
202135,female,unknown,3,320,NA,NA,NA,CHFL,COVID19Death,vaccine,all,intermediate,2021-10-11_08-00-56
202135,male,fully_vaccinated,10,41,2356303,0.42,NA,CHFL,COVID19Death,vaccine,all,intermediate,2021-10-11_08-00-56
202135,male,partially_vaccinated,0,41,179686,0,NA,CHFL,COVID19Death,vaccine,all,intermediate,2021-10-11_08-00-56
202135,male,not_vaccinated,20,406,1752089,1.14,NA,CHFL,COVID19Death,vaccine,all,intermediate,2021-10-11_08-00-56
202135,male,unknown,3,359,NA,NA,NA,CHFL,COVID19Death,vaccine,all,intermediate,2021-10-11_08-00-56
202135,unknown,fully_vaccinated,0,0,1459,0,NA,CHFL,COVID19Death,vaccine,all,intermediate,2021-10-11_08-00-56
202135,unknown,partially_vaccinated,0,0,224,0,NA,CHFL,COVID19Death,vaccine,all,intermediate,2021-10-11_08-00-56
202135,unknown,not_vaccinated,0,0,NA,NA,NA,CHFL,COVID19Death,vaccine,all,intermediate,2021-10-11_08-00-56
202135,unknown,unknown,0,0,NA,NA,NA,CHFL,COVID19Death,vaccine,all,intermediate,2021-10-11_08-00-56
202136,female,fully_vaccinated,8,41,2494472,0.32,NA,CHFL,COVID19Death,vaccine,all,intermediate,2021-10-11_08-00-56
202136,female,partially_vaccinated,0,34,212270,0,NA,CHFL,COVID19Death,vaccine,all,intermediate,2021-10-11_08-00-56
202136,female,not_vaccinated,15,306,1649960,0.91,NA,CHFL,COVID19Death,vaccine,all,intermediate,2021-10-11_08-00-56
202136,female,unknown,6,326,NA,NA,NA,CHFL,COVID19Death,vaccine,all,intermediate,2021-10-11_08-00-56
202136,male,fully_vaccinated,5,46,2392907,0.21,NA,CHFL,COVID19Death,vaccine,all,intermediate,2021-10-11_08-00-56
202136,male,partially_vaccinated,0,41,211581,0,NA,CHFL,COVID19Death,vaccine,all,intermediate,2021-10-11_08-00-56
202136,male,not_vaccinated,12,418,1683590,0.71,NA,CHFL,COVID19Death,vaccine,all,intermediate,2021-10-11_08-00-56
202136,male,unknown,5,364,NA,NA,NA,CHFL,COVID19Death,vaccine,all,intermediate,2021-10-11_08-00-56
202136,unknown,fully_vaccinated,0,0,1485,0,NA,CHFL,COVID19Death,vaccine,all,intermediate,2021-10-11_08-00-56
202136,unknown,partially_vaccinated,0,0,256,0,NA,CHFL,COVID19Death,vaccine,all,intermediate,2021-10-11_08-00-56
202136,unknown,not_vaccinated,0,0,NA,NA,NA,CHFL,COVID19Death,vaccine,all,intermediate,2021-10-11_08-00-56
202136,unknown,unknown,0,0,NA,NA,NA,CHFL,COVID19Death,vaccine,all,intermediate,2021-10-11_08-00-56
202137,female,fully_vaccinated,5,46,2538493,0.2,NA,CHFL,COVID19Death,vaccine,all,intermediate,2021-10-11_08-00-56
202137,female,partially_vaccinated,0,34,239904,0,NA,CHFL,COVID19Death,vaccine,all,intermediate,2021-10-11_08-00-56
202137,female,not_vaccinated,10,316,1578305,0.63,NA,CHFL,COVID19Death,vaccine,all,intermediate,2021-10-11_08-00-56
202137,female,unknown,2,328,NA,NA,NA,CHFL,COVID19Death,vaccine,all,intermediate,2021-10-11_08-00-56
202137,male,fully_vaccinated,8,54,2437394,0.33,NA,CHFL,COVID19Death,vaccine,all,intermediate,2021-10-11_08-00-56
202137,male,partially_vaccinated,0,41,245256,0,NA,CHFL,COVID19Death,vaccine,all,intermediate,2021-10-11_08-00-56
202137,male,not_vaccinated,12,430,1605428,0.75,NA,CHFL,COVID19Death,vaccine,all,intermediate,2021-10-11_08-00-56
202137,male,unknown,2,366,NA,NA,NA,CHFL,COVID19Death,vaccine,all,intermediate,2021-10-11_08-00-56
202137,unknown,fully_vaccinated,0,0,1522,0,NA,CHFL,COVID19Death,vaccine,all,intermediate,2021-10-11_08-00-56
202137,unknown,partially_vaccinated,0,0,307,0,NA,CHFL,COVID19Death,vaccine,all,intermediate,2021-10-11_08-00-56
202137,unknown,not_vaccinated,0,0,NA,NA,NA,CHFL,COVID19Death,vaccine,all,intermediate,2021-10-11_08-00-56
202137,unknown,unknown,0,0,NA,NA,NA,CHFL,COVID19Death,vaccine,all,intermediate,2021-10-11_08-00-56
202138,female,fully_vaccinated,7,53,2586820,0.27,NA,CHFL,COVID19Death,vaccine,all,intermediate,2021-10-11_08-00-56
202138,female,partially_vaccinated,0,34,244716,0,NA,CHFL,COVID19Death,vaccine,all,intermediate,2021-10-11_08-00-56
202138,female,not_vaccinated,10,326,1525166,0.66,NA,CHFL,COVID19Death,vaccine,all,intermediate,2021-10-11_08-00-56
202138,female,unknown,2,330,NA,NA,NA,CHFL,COVID19Death,vaccine,all,intermediate,2021-10-11_08-00-56
202138,male,fully_vaccinated,9,63,2485502,0.36,NA,CHFL,COVID19Death,vaccine,all,intermediate,2021-10-11_08-00-56
202138,male,partially_vaccinated,2,43,254868,0.78,NA,CHFL,COVID19Death,vaccine,all,intermediate,2021-10-11_08-00-56
202138,male,not_vaccinated,10,440,1547708,0.65,NA,CHFL,COVID19Death,vaccine,all,intermediate,2021-10-11_08-00-56
202138,male,unknown,3,369,NA,NA,NA,CHFL,COVID19Death,vaccine,all,intermediate,2021-10-11_08-00-56
202138,unknown,fully_vaccinated,0,0,1563,0,NA,CHFL,COVID19Death,vaccine,all,intermediate,2021-10-11_08-00-56
202138,unknown,partially_vaccinated,0,0,319,0,NA,CHFL,COVID19Death,vaccine,all,intermediate,2021-10-11_08-00-56
202138,unknown,not_vaccinated,0,0,NA,NA,NA,CHFL,COVID19Death,vaccine,all,intermediate,2021-10-11_08-00-56
202138,unknown,unknown,0,0,NA,NA,NA,CHFL,COVID19Death,vaccine,all,intermediate,2021-10-11_08-00-56
202139,female,fully_vaccinated,2,55,2636748,0.08,NA,CHFL,COVID19Death,vaccine,all,intermediate,2021-10-11_08-00-56
202139,female,partially_vaccinated,0,34,229476,0,NA,CHFL,COVID19Death,vaccine,all,intermediate,2021-10-11_08-00-56
202139,female,not_vaccinated,6,332,1490478,0.4,NA,CHFL,COVID19Death,vaccine,all,intermediate,2021-10-11_08-00-56
202139,female,unknown,1,331,NA,NA,NA,CHFL,COVID19Death,vaccine,all,intermediate,2021-10-11_08-00-56
202139,male,fully_vaccinated,1,64,2535139,0.04,NA,CHFL,COVID19Death,vaccine,all,intermediate,2021-10-11_08-00-56
202139,male,partially_vaccinated,0,43,241493,0,NA,CHFL,COVID19Death,vaccine,all,intermediate,2021-10-11_08-00-56
202139,male,not_vaccinated,19,459,1511446,1.26,NA,CHFL,COVID19Death,vaccine,all,intermediate,2021-10-11_08-00-56
202139,male,unknown,0,369,NA,NA,NA,CHFL,COVID19Death,vaccine,all,intermediate,2021-10-11_08-00-56
202139,unknown,fully_vaccinated,0,0,1592,0,NA,CHFL,COVID19Death,vaccine,all,intermediate,2021-10-11_08-00-56
202139,unknown,partially_vaccinated,0,0,325,0,NA,CHFL,COVID19Death,vaccine,all,intermediate,2021-10-11_08-00-56
202139,unknown,not_vaccinated,0,0,NA,NA,NA,CHFL,COVID19Death,vaccine,all,intermediate,2021-10-11_08-00-56
202139,unknown,unknown,0,0,NA,NA,NA,CHFL,COVID19Death,vaccine,all,intermediate,2021-10-11_08-00-56
202140,female,fully_vaccinated,3,58,2693598,0.11,NA,CHFL,COVID19Death,vaccine,all,intermediate,2021-10-11_08-00-56
202140,female,partially_vaccinated,0,34,197839,0,NA,CHFL,COVID19Death,vaccine,all,intermediate,2021-10-11_08-00-56
202140,female,not_vaccinated,6,338,1465265,0.41,NA,CHFL,COVID19Death,vaccine,all,intermediate,2021-10-11_08-00-56
202140,female,unknown,0,331,NA,NA,NA,CHFL,COVID19Death,vaccine,all,intermediate,2021-10-11_08-00-56
202140,male,fully_vaccinated,1,65,2595493,0.04,NA,CHFL,COVID19Death,vaccine,all,intermediate,2021-10-11_08-00-56
202140,male,partially_vaccinated,1,44,207698,0.48,NA,CHFL,COVID19Death,vaccine,all,intermediate,2021-10-11_08-00-56
202140,male,not_vaccinated,4,463,1484887,0.27,NA,CHFL,COVID19Death,vaccine,all,intermediate,2021-10-11_08-00-56
202140,male,unknown,4,373,NA,NA,NA,CHFL,COVID19Death,vaccine,all,intermediate,2021-10-11_08-00-56
202140,unknown,fully_vaccinated,0,0,1686,0,NA,CHFL,COVID19Death,vaccine,all,intermediate,2021-10-11_08-00-56
202140,unknown,partially_vaccinated,0,0,262,0,NA,CHFL,COVID19Death,vaccine,all,intermediate,2021-10-11_08-00-56
202140,unknown,not_vaccinated,0,0,NA,NA,NA,CHFL,COVID19Death,vaccine,all,intermediate,2021-10-11_08-00-56
202140,unknown,unknown,0,0,NA,NA,NA,CHFL,COVID19Death,vaccine,all,intermediate,2021-10-11_08-00-56
202104,all,fully_vaccinated,0,0,15347,0,NA,CHFL,COVID19Death,vaccine,all,limited,2021-10-11_08-00-56
202104,all,partially_vaccinated,8,8,277668,2.88,NA,CHFL,COVID19Death,vaccine,all,limited,2021-10-11_08-00-56
202104,all,not_vaccinated,49,49,8351765,0.59,NA,CHFL,COVID19Death,vaccine,all,limited,2021-10-11_08-00-56
202104,all,unknown,113,113,NA,NA,NA,CHFL,COVID19Death,vaccine,all,limited,2021-10-11_08-00-56
202105,all,fully_vaccinated,0,0,46827,0,NA,CHFL,COVID19Death,vaccine,all,limited,2021-10-11_08-00-56
202105,all,partially_vaccinated,12,20,314646,3.81,NA,CHFL,COVID19Death,vaccine,all,limited,2021-10-11_08-00-56
202105,all,not_vaccinated,57,106,8283307,0.69,NA,CHFL,COVID19Death,vaccine,all,limited,2021-10-11_08-00-56
202105,all,unknown,97,210,NA,NA,NA,CHFL,COVID19Death,vaccine,all,limited,2021-10-11_08-00-56
202106,all,fully_vaccinated,1,1,103136,0.97,NA,CHFL,COVID19Death,vaccine,all,limited,2021-10-11_08-00-56
202106,all,partially_vaccinated,10,30,335967,2.98,NA,CHFL,COVID19Death,vaccine,all,limited,2021-10-11_08-00-56
202106,all,not_vaccinated,55,161,8205677,0.67,NA,CHFL,COVID19Death,vaccine,all,limited,2021-10-11_08-00-56
202106,all,unknown,63,273,NA,NA,NA,CHFL,COVID19Death,vaccine,all,limited,2021-10-11_08-00-56
202107,all,fully_vaccinated,0,1,175395,0,NA,CHFL,COVID19Death,vaccine,all,limited,2021-10-11_08-00-56
202107,all,partially_vaccinated,4,34,322381,1.24,NA,CHFL,COVID19Death,vaccine,all,limited,2021-10-11_08-00-56
202107,all,not_vaccinated,35,196,8147004,0.43,NA,CHFL,COVID19Death,vaccine,all,limited,2021-10-11_08-00-56
202107,all,unknown,45,318,NA,NA,NA,CHFL,COVID19Death,vaccine,all,limited,2021-10-11_08-00-56
202108,all,fully_vaccinated,3,4,265326,1.13,NA,CHFL,COVID19Death,vaccine,all,limited,2021-10-11_08-00-56
202108,all,partially_vaccinated,8,42,281030,2.85,NA,CHFL,COVID19Death,vaccine,all,limited,2021-10-11_08-00-56
202108,all,not_vaccinated,19,215,8098424,0.23,NA,CHFL,COVID19Death,vaccine,all,limited,2021-10-11_08-00-56
202108,all,unknown,33,351,NA,NA,NA,CHFL,COVID19Death,vaccine,all,limited,2021-10-11_08-00-56
202109,all,fully_vaccinated,0,4,342041,0,NA,CHFL,COVID19Death,vaccine,all,limited,2021-10-11_08-00-56
202109,all,partially_vaccinated,3,45,279488,1.07,NA,CHFL,COVID19Death,vaccine,all,limited,2021-10-11_08-00-56
202109,all,not_vaccinated,25,240,8023251,0.31,NA,CHFL,COVID19Death,vaccine,all,limited,2021-10-11_08-00-56
202109,all,unknown,38,389,NA,NA,NA,CHFL,COVID19Death,vaccine,all,limited,2021-10-11_08-00-56
202110,all,fully_vaccinated,3,7,404265,0.74,NA,CHFL,COVID19Death,vaccine,all,limited,2021-10-11_08-00-56
202110,all,partially_vaccinated,3,48,307273,0.98,NA,CHFL,COVID19Death,vaccine,all,limited,2021-10-11_08-00-56
202110,all,not_vaccinated,38,278,7933242,0.48,NA,CHFL,COVID19Death,vaccine,all,limited,2021-10-11_08-00-56
202110,all,unknown,32,421,NA,NA,NA,CHFL,COVID19Death,vaccine,all,limited,2021-10-11_08-00-56
202111,all,fully_vaccinated,1,8,478035,0.21,NA,CHFL,COVID19Death,vaccine,all,limited,2021-10-11_08-00-56
202111,all,partially_vaccinated,6,54,311218,1.93,NA,CHFL,COVID19Death,vaccine,all,limited,2021-10-11_08-00-56
202111,all,not_vaccinated,22,300,7855527,0.28,NA,CHFL,COVID19Death,vaccine,all,limited,2021-10-11_08-00-56
202111,all,unknown,32,453,NA,NA,NA,CHFL,COVID19Death,vaccine,all,limited,2021-10-11_08-00-56
202112,all,fully_vaccinated,2,10,547444,0.37,NA,CHFL,COVID19Death,vaccine,all,limited,2021-10-11_08-00-56
202112,all,partially_vaccinated,4,58,355470,1.13,NA,CHFL,COVID19Death,vaccine,all,limited,2021-10-11_08-00-56
202112,all,not_vaccinated,30,330,7741866,0.39,NA,CHFL,COVID19Death,vaccine,all,limited,2021-10-11_08-00-56
202112,all,unknown,25,478,NA,NA,NA,CHFL,COVID19Death,vaccine,all,limited,2021-10-11_08-00-56
202113,all,fully_vaccinated,1,11,614037,0.16,NA,CHFL,COVID19Death,vaccine,all,limited,2021-10-11_08-00-56
202113,all,partially_vaccinated,4,62,398129,1,NA,CHFL,COVID19Death,vaccine,all,limited,2021-10-11_08-00-56
202113,all,not_vaccinated,41,371,7632614,0.54,NA,CHFL,COVID19Death,vaccine,all,limited,2021-10-11_08-00-56
202113,all,unknown,25,503,NA,NA,NA,CHFL,COVID19Death,vaccine,all,limited,2021-10-11_08-00-56
202114,all,fully_vaccinated,2,13,701724,0.29,NA,CHFL,COVID19Death,vaccine,all,limited,2021-10-11_08-00-56
202114,all,partially_vaccinated,3,65,434750,0.69,NA,CHFL,COVID19Death,vaccine,all,limited,2021-10-11_08-00-56
202114,all,not_vaccinated,34,405,7508306,0.45,NA,CHFL,COVID19Death,vaccine,all,limited,2021-10-11_08-00-56
202114,all,unknown,26,529,NA,NA,NA,CHFL,COVID19Death,vaccine,all,limited,2021-10-11_08-00-56
202115,all,fully_vaccinated,3,16,787026,0.38,NA,CHFL,COVID19Death,vaccine,all,limited,2021-10-11_08-00-56
202115,all,partially_vaccinated,3,68,562345,0.53,NA,CHFL,COVID19Death,vaccine,all,limited,2021-10-11_08-00-56
202115,all,not_vaccinated,21,426,7295409,0.29,NA,CHFL,COVID19Death,vaccine,all,limited,2021-10-11_08-00-56
202115,all,unknown,19,548,NA,NA,NA,CHFL,COVID19Death,vaccine,all,limited,2021-10-11_08-00-56
202116,all,fully_vaccinated,5,21,897642,0.56,NA,CHFL,COVID19Death,vaccine,all,limited,2021-10-11_08-00-56
202116,all,partially_vaccinated,0,68,713151,0,NA,CHFL,COVID19Death,vaccine,all,limited,2021-10-11_08-00-56
202116,all,not_vaccinated,30,456,7033987,0.43,NA,CHFL,COVID19Death,vaccine,all,limited,2021-10-11_08-00-56
202116,all,unknown,19,567,NA,NA,NA,CHFL,COVID19Death,vaccine,all,limited,2021-10-11_08-00-56
202117,all,fully_vaccinated,4,25,1005936,0.4,NA,CHFL,COVID19Death,vaccine,all,limited,2021-10-11_08-00-56
202117,all,partially_vaccinated,3,71,891917,0.34,NA,CHFL,COVID19Death,vaccine,all,limited,2021-10-11_08-00-56
202117,all,not_vaccinated,38,494,6746927,0.56,NA,CHFL,COVID19Death,vaccine,all,limited,2021-10-11_08-00-56
202117,all,unknown,24,591,NA,NA,NA,CHFL,COVID19Death,vaccine,all,limited,2021-10-11_08-00-56
202118,all,fully_vaccinated,3,28,1142926,0.26,NA,CHFL,COVID19Death,vaccine,all,limited,2021-10-11_08-00-56
202118,all,partially_vaccinated,0,71,1079861,0,NA,CHFL,COVID19Death,vaccine,all,limited,2021-10-11_08-00-56
202118,all,not_vaccinated,21,515,6421993,0.33,NA,CHFL,COVID19Death,vaccine,all,limited,2021-10-11_08-00-56
202118,all,unknown,18,609,NA,NA,NA,CHFL,COVID19Death,vaccine,all,limited,2021-10-11_08-00-56
202119,all,fully_vaccinated,2,30,1334378,0.15,NA,CHFL,COVID19Death,vaccine,all,limited,2021-10-11_08-00-56
202119,all,partially_vaccinated,1,72,1176007,0.09,NA,CHFL,COVID19Death,vaccine,all,limited,2021-10-11_08-00-56
202119,all,not_vaccinated,18,533,6134395,0.29,NA,CHFL,COVID19Death,vaccine,all,limited,2021-10-11_08-00-56
202119,all,unknown,9,618,NA,NA,NA,CHFL,COVID19Death,vaccine,all,limited,2021-10-11_08-00-56
202120,all,fully_vaccinated,2,32,1599709,0.13,NA,CHFL,COVID19Death,vaccine,all,limited,2021-10-11_08-00-56
202120,all,partially_vaccinated,0,72,1229614,0,NA,CHFL,COVID19Death,vaccine,all,limited,2021-10-11_08-00-56
202120,all,not_vaccinated,23,556,5815457,0.4,NA,CHFL,COVID19Death,vaccine,all,limited,2021-10-11_08-00-56
202120,all,unknown,8,626,NA,NA,NA,CHFL,COVID19Death,vaccine,all,limited,2021-10-11_08-00-56
202121,all,fully_vaccinated,2,34,1874982,0.11,NA,CHFL,COVID19Death,vaccine,all,limited,2021-10-11_08-00-56
202121,all,partially_vaccinated,0,72,1248746,0,NA,CHFL,COVID19Death,vaccine,all,limited,2021-10-11_08-00-56
202121,all,not_vaccinated,10,566,5521052,0.18,NA,CHFL,COVID19Death,vaccine,all,limited,2021-10-11_08-00-56
202121,all,unknown,7,633,NA,NA,NA,CHFL,COVID19Death,vaccine,all,limited,2021-10-11_08-00-56
202122,all,fully_vaccinated,4,38,2188207,0.18,NA,CHFL,COVID19Death,vaccine,all,limited,2021-10-11_08-00-56
202122,all,partially_vaccinated,0,72,1275115,0,NA,CHFL,COVID19Death,vaccine,all,limited,2021-10-11_08-00-56
202122,all,not_vaccinated,16,582,5181458,0.31,NA,CHFL,COVID19Death,vaccine,all,limited,2021-10-11_08-00-56
202122,all,unknown,5,638,NA,NA,NA,CHFL,COVID19Death,vaccine,all,limited,2021-10-11_08-00-56
202123,all,fully_vaccinated,1,39,2495038,0.04,NA,CHFL,COVID19Death,vaccine,all,limited,2021-10-11_08-00-56
202123,all,partially_vaccinated,2,74,1325101,0.15,NA,CHFL,COVID19Death,vaccine,all,limited,2021-10-11_08-00-56
202123,all,not_vaccinated,7,589,4824641,0.15,NA,CHFL,COVID19Death,vaccine,all,limited,2021-10-11_08-00-56
202123,all,unknown,6,644,NA,NA,NA,CHFL,COVID19Death,vaccine,all,limited,2021-10-11_08-00-56
202124,all,fully_vaccinated,0,39,2809763,0,NA,CHFL,COVID19Death,vaccine,all,limited,2021-10-11_08-00-56
202124,all,partially_vaccinated,0,74,1320987,0,NA,CHFL,COVID19Death,vaccine,all,limited,2021-10-11_08-00-56
202124,all,not_vaccinated,7,596,4514030,0.16,NA,CHFL,COVID19Death,vaccine,all,limited,2021-10-11_08-00-56
202124,all,unknown,5,649,NA,NA,NA,CHFL,COVID19Death,vaccine,all,limited,2021-10-11_08-00-56
202125,all,fully_vaccinated,1,40,3117851,0.03,NA,CHFL,COVID19Death,vaccine,all,limited,2021-10-11_08-00-56
202125,all,partially_vaccinated,0,74,1245203,0,NA,CHFL,COVID19Death,vaccine,all,limited,2021-10-11_08-00-56
202125,all,not_vaccinated,4,600,4281726,0.09,NA,CHFL,COVID19Death,vaccine,all,limited,2021-10-11_08-00-56
202125,all,unknown,2,651,NA,NA,NA,CHFL,COVID19Death,vaccine,all,limited,2021-10-11_08-00-56
202126,all,fully_vaccinated,0,40,3452052,0,NA,CHFL,COVID19Death,vaccine,all,intermediate,2021-10-11_08-00-56
202126,all,partially_vaccinated,0,74,1039360,0,NA,CHFL,COVID19Death,vaccine,all,intermediate,2021-10-11_08-00-56
202126,all,not_vaccinated,1,601,4153368,0.02,NA,CHFL,COVID19Death,vaccine,all,intermediate,2021-10-11_08-00-56
202126,all,unknown,2,653,NA,NA,NA,CHFL,COVID19Death,vaccine,all,intermediate,2021-10-11_08-00-56
202127,all,fully_vaccinated,0,40,3788129,0,NA,CHFL,COVID19Death,vaccine,all,intermediate,2021-10-11_08-00-56
202127,all,partially_vaccinated,0,74,790376,0,NA,CHFL,COVID19Death,vaccine,all,intermediate,2021-10-11_08-00-56
202127,all,not_vaccinated,3,604,4066275,0.07,NA,CHFL,COVID19Death,vaccine,all,intermediate,2021-10-11_08-00-56
202127,all,unknown,0,653,NA,NA,NA,CHFL,COVID19Death,vaccine,all,intermediate,2021-10-11_08-00-56
202128,all,fully_vaccinated,1,41,4084900,0.02,NA,CHFL,COVID19Death,vaccine,all,intermediate,2021-10-11_08-00-56
202128,all,partially_vaccinated,1,75,568722,0.18,NA,CHFL,COVID19Death,vaccine,all,intermediate,2021-10-11_08-00-56
202128,all,not_vaccinated,0,604,3991158,0,NA,CHFL,COVID19Death,vaccine,all,intermediate,2021-10-11_08-00-56
202128,all,unknown,0,653,NA,NA,NA,CHFL,COVID19Death,vaccine,all,intermediate,2021-10-11_08-00-56
202129,all,fully_vaccinated,0,41,4313476,0,NA,CHFL,COVID19Death,vaccine,all,intermediate,2021-10-11_08-00-56
202129,all,partially_vaccinated,0,75,411295,0,NA,CHFL,COVID19Death,vaccine,all,intermediate,2021-10-11_08-00-56
202129,all,not_vaccinated,5,609,3920009,0.13,NA,CHFL,COVID19Death,vaccine,all,intermediate,2021-10-11_08-00-56
202129,all,unknown,0,653,NA,NA,NA,CHFL,COVID19Death,vaccine,all,intermediate,2021-10-11_08-00-56
202130,all,fully_vaccinated,1,42,4439140,0.02,NA,CHFL,COVID19Death,vaccine,all,intermediate,2021-10-11_08-00-56
202130,all,partially_vaccinated,0,75,352580,0,NA,CHFL,COVID19Death,vaccine,all,intermediate,2021-10-11_08-00-56
202130,all,not_vaccinated,8,617,3853060,0.21,NA,CHFL,COVID19Death,vaccine,all,intermediate,2021-10-11_08-00-56
202130,all,unknown,2,655,NA,NA,NA,CHFL,COVID19Death,vaccine,all,intermediate,2021-10-11_08-00-56
202131,all,fully_vaccinated,0,42,4525728,0,NA,CHFL,COVID19Death,vaccine,all,intermediate,2021-10-11_08-00-56
202131,all,partially_vaccinated,0,75,320607,0,NA,CHFL,COVID19Death,vaccine,all,intermediate,2021-10-11_08-00-56
202131,all,not_vaccinated,3,620,3798445,0.08,NA,CHFL,COVID19Death,vaccine,all,intermediate,2021-10-11_08-00-56
202131,all,unknown,0,655,NA,NA,NA,CHFL,COVID19Death,vaccine,all,intermediate,2021-10-11_08-00-56
202132,all,fully_vaccinated,4,46,4602866,0.09,NA,CHFL,COVID19Death,vaccine,all,intermediate,2021-10-11_08-00-56
202132,all,partially_vaccinated,0,75,306986,0,NA,CHFL,COVID19Death,vaccine,all,intermediate,2021-10-11_08-00-56
202132,all,not_vaccinated,6,626,3734928,0.16,NA,CHFL,COVID19Death,vaccine,all,intermediate,2021-10-11_08-00-56
202132,all,unknown,4,659,NA,NA,NA,CHFL,COVID19Death,vaccine,all,intermediate,2021-10-11_08-00-56
202133,all,fully_vaccinated,9,55,4679614,0.19,NA,CHFL,COVID19Death,vaccine,all,intermediate,2021-10-11_08-00-56
202133,all,partially_vaccinated,0,75,303779,0,NA,CHFL,COVID19Death,vaccine,all,intermediate,2021-10-11_08-00-56
202133,all,not_vaccinated,13,639,3661387,0.36,NA,CHFL,COVID19Death,vaccine,all,intermediate,2021-10-11_08-00-56
202133,all,unknown,4,663,NA,NA,NA,CHFL,COVID19Death,vaccine,all,intermediate,2021-10-11_08-00-56
202134,all,fully_vaccinated,5,60,4754564,0.11,NA,CHFL,COVID19Death,vaccine,all,intermediate,2021-10-11_08-00-56
202134,all,partially_vaccinated,0,75,322082,0,NA,CHFL,COVID19Death,vaccine,all,intermediate,2021-10-11_08-00-56
202134,all,not_vaccinated,28,667,3568134,0.78,NA,CHFL,COVID19Death,vaccine,all,intermediate,2021-10-11_08-00-56
202134,all,unknown,10,673,NA,NA,NA,CHFL,COVID19Death,vaccine,all,intermediate,2021-10-11_08-00-56
202135,all,fully_vaccinated,14,74,4816411,0.29,NA,CHFL,COVID19Death,vaccine,all,intermediate,2021-10-11_08-00-56
202135,all,partially_vaccinated,0,75,363194,0,NA,CHFL,COVID19Death,vaccine,all,intermediate,2021-10-11_08-00-56
202135,all,not_vaccinated,30,697,3465175,0.87,NA,CHFL,COVID19Death,vaccine,all,intermediate,2021-10-11_08-00-56
202135,all,unknown,6,679,NA,NA,NA,CHFL,COVID19Death,vaccine,all,intermediate,2021-10-11_08-00-56
202136,all,fully_vaccinated,13,87,4888864,0.27,NA,CHFL,COVID19Death,vaccine,all,intermediate,2021-10-11_08-00-56
202136,all,partially_vaccinated,0,75,424107,0,NA,CHFL,COVID19Death,vaccine,all,intermediate,2021-10-11_08-00-56
202136,all,not_vaccinated,27,724,3331809,0.81,NA,CHFL,COVID19Death,vaccine,all,intermediate,2021-10-11_08-00-56
202136,all,unknown,11,690,NA,NA,NA,CHFL,COVID19Death,vaccine,all,intermediate,2021-10-11_08-00-56
202137,all,fully_vaccinated,13,100,4977409,0.26,NA,CHFL,COVID19Death,vaccine,all,intermediate,2021-10-11_08-00-56
202137,all,partially_vaccinated,0,75,485467,0,NA,CHFL,COVID19Death,vaccine,all,intermediate,2021-10-11_08-00-56
202137,all,not_vaccinated,22,746,3181904,0.69,NA,CHFL,COVID19Death,vaccine,all,intermediate,2021-10-11_08-00-56
202137,all,unknown,4,694,NA,NA,NA,CHFL,COVID19Death,vaccine,all,intermediate,2021-10-11_08-00-56
202138,all,fully_vaccinated,16,116,5073885,0.32,NA,CHFL,COVID19Death,vaccine,all,intermediate,2021-10-11_08-00-56
202138,all,partially_vaccinated,2,77,499903,0.4,NA,CHFL,COVID19Death,vaccine,all,intermediate,2021-10-11_08-00-56
202138,all,not_vaccinated,20,766,3070992,0.65,NA,CHFL,COVID19Death,vaccine,all,intermediate,2021-10-11_08-00-56
202138,all,unknown,5,699,NA,NA,NA,CHFL,COVID19Death,vaccine,all,intermediate,2021-10-11_08-00-56
202139,all,fully_vaccinated,3,119,5173479,0.06,NA,CHFL,COVID19Death,vaccine,all,intermediate,2021-10-11_08-00-56
202139,all,partially_vaccinated,0,77,471294,0,NA,CHFL,COVID19Death,vaccine,all,intermediate,2021-10-11_08-00-56
202139,all,not_vaccinated,25,791,3000007,0.83,NA,CHFL,COVID19Death,vaccine,all,intermediate,2021-10-11_08-00-56
202139,all,unknown,1,700,NA,NA,NA,CHFL,COVID19Death,vaccine,all,intermediate,2021-10-11_08-00-56
202140,all,fully_vaccinated,4,123,5290777,0.08,NA,CHFL,COVID19Death,vaccine,all,intermediate,2021-10-11_08-00-56
202140,all,partially_vaccinated,1,78,405799,0.25,NA,CHFL,COVID19Death,vaccine,all,intermediate,2021-10-11_08-00-56
202140,all,not_vaccinated,10,801,2948204,0.34,NA,CHFL,COVID19Death,vaccine,all,intermediate,2021-10-11_08-00-56
202140,all,unknown,4,704,NA,NA,NA,CHFL,COVID19Death,vaccine,all,intermediate,2021-10-11_08-00-56