date,sex,vaccination_status,entries,sumTotal,pop,inz_entries,inzsumTotal,geoRegion,type,type_variant,vaccine,data_completeness,version
202104,female,fully_vaccinated,0,0,8799,0,NA,CHFL,COVID19Hosp,vaccine,all,limited,2021-10-11_08-00-56
202104,female,partially_vaccinated,1,1,157521,0.63,NA,CHFL,COVID19Hosp,vaccine,all,limited,2021-10-11_08-00-56
202104,female,not_vaccinated,31,31,4190382,0.74,NA,CHFL,COVID19Hosp,vaccine,all,limited,2021-10-11_08-00-56
202104,female,unknown,126,126,NA,NA,NA,CHFL,COVID19Hosp,vaccine,all,limited,2021-10-11_08-00-56
202104,male,fully_vaccinated,0,0,6548,0,NA,CHFL,COVID19Hosp,vaccine,all,limited,2021-10-11_08-00-56
202104,male,partially_vaccinated,1,1,120114,0.83,NA,CHFL,COVID19Hosp,vaccine,all,limited,2021-10-11_08-00-56
202104,male,not_vaccinated,28,28,4161416,0.67,NA,CHFL,COVID19Hosp,vaccine,all,limited,2021-10-11_08-00-56
202104,male,unknown,167,167,NA,NA,NA,CHFL,COVID19Hosp,vaccine,all,limited,2021-10-11_08-00-56
202104,unknown,fully_vaccinated,0,0,0,NA,NA,CHFL,COVID19Hosp,vaccine,all,limited,2021-10-11_08-00-56
202104,unknown,partially_vaccinated,0,0,33,0,NA,CHFL,COVID19Hosp,vaccine,all,limited,2021-10-11_08-00-56
202104,unknown,not_vaccinated,0,0,NA,NA,NA,CHFL,COVID19Hosp,vaccine,all,limited,2021-10-11_08-00-56
202104,unknown,unknown,0,0,NA,NA,NA,CHFL,COVID19Hosp,vaccine,all,limited,2021-10-11_08-00-56
202105,female,fully_vaccinated,0,0,28199,0,NA,CHFL,COVID19Hosp,vaccine,all,limited,2021-10-11_08-00-56
202105,female,partially_vaccinated,2,3,175893,1.14,NA,CHFL,COVID19Hosp,vaccine,all,limited,2021-10-11_08-00-56
202105,female,not_vaccinated,52,83,4152610,1.25,NA,CHFL,COVID19Hosp,vaccine,all,limited,2021-10-11_08-00-56
202105,female,unknown,160,286,NA,NA,NA,CHFL,COVID19Hosp,vaccine,all,limited,2021-10-11_08-00-56
202105,male,fully_vaccinated,0,0,18628,0,NA,CHFL,COVID19Hosp,vaccine,all,limited,2021-10-11_08-00-56
202105,male,partially_vaccinated,3,4,138712,2.16,NA,CHFL,COVID19Hosp,vaccine,all,limited,2021-10-11_08-00-56
202105,male,not_vaccinated,71,99,4130738,1.72,NA,CHFL,COVID19Hosp,vaccine,all,limited,2021-10-11_08-00-56
202105,male,unknown,162,329,NA,NA,NA,CHFL,COVID19Hosp,vaccine,all,limited,2021-10-11_08-00-56
202105,unknown,fully_vaccinated,0,0,0,NA,NA,CHFL,COVID19Hosp,vaccine,all,limited,2021-10-11_08-00-56
202105,unknown,partially_vaccinated,0,0,41,0,NA,CHFL,COVID19Hosp,vaccine,all,limited,2021-10-11_08-00-56
202105,unknown,not_vaccinated,0,0,NA,NA,NA,CHFL,COVID19Hosp,vaccine,all,limited,2021-10-11_08-00-56
202105,unknown,unknown,1,1,NA,NA,NA,CHFL,COVID19Hosp,vaccine,all,limited,2021-10-11_08-00-56
202106,female,fully_vaccinated,2,2,60986,3.28,NA,CHFL,COVID19Hosp,vaccine,all,limited,2021-10-11_08-00-56
202106,female,partially_vaccinated,3,6,188643,1.59,NA,CHFL,COVID19Hosp,vaccine,all,limited,2021-10-11_08-00-56
202106,female,not_vaccinated,54,137,4107073,1.31,NA,CHFL,COVID19Hosp,vaccine,all,limited,2021-10-11_08-00-56
202106,female,unknown,104,390,NA,NA,NA,CHFL,COVID19Hosp,vaccine,all,limited,2021-10-11_08-00-56
202106,male,fully_vaccinated,1,1,42146,2.37,NA,CHFL,COVID19Hosp,vaccine,all,limited,2021-10-11_08-00-56
202106,male,partially_vaccinated,2,6,147270,1.36,NA,CHFL,COVID19Hosp,vaccine,all,limited,2021-10-11_08-00-56
202106,male,not_vaccinated,65,164,4098662,1.59,NA,CHFL,COVID19Hosp,vaccine,all,limited,2021-10-11_08-00-56
202106,male,unknown,131,460,NA,NA,NA,CHFL,COVID19Hosp,vaccine,all,limited,2021-10-11_08-00-56
202106,unknown,fully_vaccinated,0,0,4,0,NA,CHFL,COVID19Hosp,vaccine,all,limited,2021-10-11_08-00-56
202106,unknown,partially_vaccinated,0,0,54,0,NA,CHFL,COVID19Hosp,vaccine,all,limited,2021-10-11_08-00-56
202106,unknown,not_vaccinated,0,0,NA,NA,NA,CHFL,COVID19Hosp,vaccine,all,limited,2021-10-11_08-00-56
202106,unknown,unknown,0,1,NA,NA,NA,CHFL,COVID19Hosp,vaccine,all,limited,2021-10-11_08-00-56
202107,female,fully_vaccinated,2,4,100361,1.99,NA,CHFL,COVID19Hosp,vaccine,all,limited,2021-10-11_08-00-56
202107,female,partially_vaccinated,5,11,183074,2.73,NA,CHFL,COVID19Hosp,vaccine,all,limited,2021-10-11_08-00-56
202107,female,not_vaccinated,46,183,4073267,1.13,NA,CHFL,COVID19Hosp,vaccine,all,limited,2021-10-11_08-00-56
202107,female,unknown,107,497,NA,NA,NA,CHFL,COVID19Hosp,vaccine,all,limited,2021-10-11_08-00-56
202107,male,fully_vaccinated,2,3,75022,2.67,NA,CHFL,COVID19Hosp,vaccine,all,limited,2021-10-11_08-00-56
202107,male,partially_vaccinated,5,11,139250,3.59,NA,CHFL,COVID19Hosp,vaccine,all,limited,2021-10-11_08-00-56
202107,male,not_vaccinated,76,240,4073806,1.87,NA,CHFL,COVID19Hosp,vaccine,all,limited,2021-10-11_08-00-56
202107,male,unknown,123,583,NA,NA,NA,CHFL,COVID19Hosp,vaccine,all,limited,2021-10-11_08-00-56
202107,unknown,fully_vaccinated,0,0,12,0,NA,CHFL,COVID19Hosp,vaccine,all,limited,2021-10-11_08-00-56
202107,unknown,partially_vaccinated,0,0,57,0,NA,CHFL,COVID19Hosp,vaccine,all,limited,2021-10-11_08-00-56
202107,unknown,not_vaccinated,0,0,NA,NA,NA,CHFL,COVID19Hosp,vaccine,all,limited,2021-10-11_08-00-56
202107,unknown,unknown,0,1,NA,NA,NA,CHFL,COVID19Hosp,vaccine,all,limited,2021-10-11_08-00-56
202108,female,fully_vaccinated,4,8,150102,2.66,NA,CHFL,COVID19Hosp,vaccine,all,limited,2021-10-11_08-00-56
202108,female,partially_vaccinated,4,15,161232,2.48,NA,CHFL,COVID19Hosp,vaccine,all,limited,2021-10-11_08-00-56
202108,female,not_vaccinated,39,222,4045368,0.96,NA,CHFL,COVID19Hosp,vaccine,all,limited,2021-10-11_08-00-56
202108,female,unknown,85,582,NA,NA,NA,CHFL,COVID19Hosp,vaccine,all,limited,2021-10-11_08-00-56
202108,male,fully_vaccinated,4,7,115199,3.47,NA,CHFL,COVID19Hosp,vaccine,all,limited,2021-10-11_08-00-56
202108,male,partially_vaccinated,2,13,119751,1.67,NA,CHFL,COVID19Hosp,vaccine,all,limited,2021-10-11_08-00-56
202108,male,not_vaccinated,57,297,4053128,1.41,NA,CHFL,COVID19Hosp,vaccine,all,limited,2021-10-11_08-00-56
202108,male,unknown,92,675,NA,NA,NA,CHFL,COVID19Hosp,vaccine,all,limited,2021-10-11_08-00-56
202108,unknown,fully_vaccinated,0,0,25,0,NA,CHFL,COVID19Hosp,vaccine,all,limited,2021-10-11_08-00-56
202108,unknown,partially_vaccinated,0,0,47,0,NA,CHFL,COVID19Hosp,vaccine,all,limited,2021-10-11_08-00-56
202108,unknown,not_vaccinated,0,0,NA,NA,NA,CHFL,COVID19Hosp,vaccine,all,limited,2021-10-11_08-00-56
202108,unknown,unknown,0,1,NA,NA,NA,CHFL,COVID19Hosp,vaccine,all,limited,2021-10-11_08-00-56
202109,female,fully_vaccinated,1,9,193559,0.52,NA,CHFL,COVID19Hosp,vaccine,all,limited,2021-10-11_08-00-56
202109,female,partially_vaccinated,4,19,159396,2.51,NA,CHFL,COVID19Hosp,vaccine,all,limited,2021-10-11_08-00-56
202109,female,not_vaccinated,67,289,4003747,1.67,NA,CHFL,COVID19Hosp,vaccine,all,limited,2021-10-11_08-00-56
202109,female,unknown,69,651,NA,NA,NA,CHFL,COVID19Hosp,vaccine,all,limited,2021-10-11_08-00-56
202109,male,fully_vaccinated,5,12,148445,3.37,NA,CHFL,COVID19Hosp,vaccine,all,limited,2021-10-11_08-00-56
202109,male,partially_vaccinated,3,16,120051,2.5,NA,CHFL,COVID19Hosp,vaccine,all,limited,2021-10-11_08-00-56
202109,male,not_vaccinated,75,372,4019582,1.87,NA,CHFL,COVID19Hosp,vaccine,all,limited,2021-10-11_08-00-56
202109,male,unknown,111,786,NA,NA,NA,CHFL,COVID19Hosp,vaccine,all,limited,2021-10-11_08-00-56
202109,unknown,fully_vaccinated,0,0,37,0,NA,CHFL,COVID19Hosp,vaccine,all,limited,2021-10-11_08-00-56
202109,unknown,partially_vaccinated,0,0,41,0,NA,CHFL,COVID19Hosp,vaccine,all,limited,2021-10-11_08-00-56
202109,unknown,not_vaccinated,0,0,NA,NA,NA,CHFL,COVID19Hosp,vaccine,all,limited,2021-10-11_08-00-56
202109,unknown,unknown,0,1,NA,NA,NA,CHFL,COVID19Hosp,vaccine,all,limited,2021-10-11_08-00-56
202110,female,fully_vaccinated,3,12,229220,1.31,NA,CHFL,COVID19Hosp,vaccine,all,limited,2021-10-11_08-00-56
202110,female,partially_vaccinated,6,25,174358,3.44,NA,CHFL,COVID19Hosp,vaccine,all,limited,2021-10-11_08-00-56
202110,female,not_vaccinated,74,363,3953124,1.87,NA,CHFL,COVID19Hosp,vaccine,all,limited,2021-10-11_08-00-56
202110,female,unknown,106,757,NA,NA,NA,CHFL,COVID19Hosp,vaccine,all,limited,2021-10-11_08-00-56
202110,male,fully_vaccinated,2,14,174999,1.14,NA,CHFL,COVID19Hosp,vaccine,all,limited,2021-10-11_08-00-56
202110,male,partially_vaccinated,1,17,132874,0.75,NA,CHFL,COVID19Hosp,vaccine,all,limited,2021-10-11_08-00-56
202110,male,not_vaccinated,69,441,3980205,1.73,NA,CHFL,COVID19Hosp,vaccine,all,limited,2021-10-11_08-00-56
202110,male,unknown,114,900,NA,NA,NA,CHFL,COVID19Hosp,vaccine,all,limited,2021-10-11_08-00-56
202110,unknown,fully_vaccinated,0,0,46,0,NA,CHFL,COVID19Hosp,vaccine,all,limited,2021-10-11_08-00-56
202110,unknown,partially_vaccinated,0,0,41,0,NA,CHFL,COVID19Hosp,vaccine,all,limited,2021-10-11_08-00-56
202110,unknown,not_vaccinated,0,0,NA,NA,NA,CHFL,COVID19Hosp,vaccine,all,limited,2021-10-11_08-00-56
202110,unknown,unknown,0,1,NA,NA,NA,CHFL,COVID19Hosp,vaccine,all,limited,2021-10-11_08-00-56
202111,female,fully_vaccinated,4,16,273065,1.46,NA,CHFL,COVID19Hosp,vaccine,all,limited,2021-10-11_08-00-56
202111,female,partially_vaccinated,1,26,172803,0.58,NA,CHFL,COVID19Hosp,vaccine,all,limited,2021-10-11_08-00-56
202111,female,not_vaccinated,70,433,3910834,1.79,NA,CHFL,COVID19Hosp,vaccine,all,limited,2021-10-11_08-00-56
202111,female,unknown,111,868,NA,NA,NA,CHFL,COVID19Hosp,vaccine,all,limited,2021-10-11_08-00-56
202111,male,fully_vaccinated,3,17,204906,1.46,NA,CHFL,COVID19Hosp,vaccine,all,limited,2021-10-11_08-00-56
202111,male,partially_vaccinated,10,27,138342,7.23,NA,CHFL,COVID19Hosp,vaccine,all,limited,2021-10-11_08-00-56
202111,male,not_vaccinated,95,536,3944830,2.41,NA,CHFL,COVID19Hosp,vaccine,all,limited,2021-10-11_08-00-56
202111,male,unknown,125,1025,NA,NA,NA,CHFL,COVID19Hosp,vaccine,all,limited,2021-10-11_08-00-56
202111,unknown,fully_vaccinated,0,0,64,0,NA,CHFL,COVID19Hosp,vaccine,all,limited,2021-10-11_08-00-56
202111,unknown,partially_vaccinated,0,0,73,0,NA,CHFL,COVID19Hosp,vaccine,all,limited,2021-10-11_08-00-56
202111,unknown,not_vaccinated,0,0,NA,NA,NA,CHFL,COVID19Hosp,vaccine,all,limited,2021-10-11_08-00-56
202111,unknown,unknown,0,1,NA,NA,NA,CHFL,COVID19Hosp,vaccine,all,limited,2021-10-11_08-00-56
202112,female,fully_vaccinated,2,18,312239,0.64,NA,CHFL,COVID19Hosp,vaccine,all,limited,2021-10-11_08-00-56
202112,female,partially_vaccinated,2,28,195125,1.02,NA,CHFL,COVID19Hosp,vaccine,all,limited,2021-10-11_08-00-56
202112,female,not_vaccinated,95,528,3849338,2.47,NA,CHFL,COVID19Hosp,vaccine,all,limited,2021-10-11_08-00-56
202112,female,unknown,119,987,NA,NA,NA,CHFL,COVID19Hosp,vaccine,all,limited,2021-10-11_08-00-56
202112,male,fully_vaccinated,4,21,235136,1.7,NA,CHFL,COVID19Hosp,vaccine,all,limited,2021-10-11_08-00-56
202112,male,partially_vaccinated,3,30,160262,1.87,NA,CHFL,COVID19Hosp,vaccine,all,limited,2021-10-11_08-00-56
202112,male,not_vaccinated,109,645,3892680,2.8,NA,CHFL,COVID19Hosp,vaccine,all,limited,2021-10-11_08-00-56
202112,male,unknown,142,1167,NA,NA,NA,CHFL,COVID19Hosp,vaccine,all,limited,2021-10-11_08-00-56
202112,unknown,fully_vaccinated,0,0,69,0,NA,CHFL,COVID19Hosp,vaccine,all,limited,2021-10-11_08-00-56
202112,unknown,partially_vaccinated,0,0,83,0,NA,CHFL,COVID19Hosp,vaccine,all,limited,2021-10-11_08-00-56
202112,unknown,not_vaccinated,0,0,NA,NA,NA,CHFL,COVID19Hosp,vaccine,all,limited,2021-10-11_08-00-56
202112,unknown,unknown,0,1,NA,NA,NA,CHFL,COVID19Hosp,vaccine,all,limited,2021-10-11_08-00-56
202113,female,fully_vaccinated,4,22,349099,1.15,NA,CHFL,COVID19Hosp,vaccine,all,limited,2021-10-11_08-00-56
202113,female,partially_vaccinated,0,28,217952,0,NA,CHFL,COVID19Hosp,vaccine,all,limited,2021-10-11_08-00-56
202113,female,not_vaccinated,97,625,3789651,2.56,NA,CHFL,COVID19Hosp,vaccine,all,limited,2021-10-11_08-00-56
202113,female,unknown,131,1118,NA,NA,NA,CHFL,COVID19Hosp,vaccine,all,limited,2021-10-11_08-00-56
202113,male,fully_vaccinated,12,33,264864,4.53,NA,CHFL,COVID19Hosp,vaccine,all,limited,2021-10-11_08-00-56
202113,male,partially_vaccinated,8,38,180083,4.44,NA,CHFL,COVID19Hosp,vaccine,all,limited,2021-10-11_08-00-56
202113,male,not_vaccinated,133,778,3843131,3.46,NA,CHFL,COVID19Hosp,vaccine,all,limited,2021-10-11_08-00-56
202113,male,unknown,155,1322,NA,NA,NA,CHFL,COVID19Hosp,vaccine,all,limited,2021-10-11_08-00-56
202113,unknown,fully_vaccinated,0,0,74,0,NA,CHFL,COVID19Hosp,vaccine,all,limited,2021-10-11_08-00-56
202113,unknown,partially_vaccinated,0,0,94,0,NA,CHFL,COVID19Hosp,vaccine,all,limited,2021-10-11_08-00-56
202113,unknown,not_vaccinated,0,0,NA,NA,NA,CHFL,COVID19Hosp,vaccine,all,limited,2021-10-11_08-00-56
202113,unknown,unknown,0,1,NA,NA,NA,CHFL,COVID19Hosp,vaccine,all,limited,2021-10-11_08-00-56
202114,female,fully_vaccinated,6,28,397962,1.51,NA,CHFL,COVID19Hosp,vaccine,all,limited,2021-10-11_08-00-56
202114,female,partially_vaccinated,9,37,235589,3.82,NA,CHFL,COVID19Hosp,vaccine,all,limited,2021-10-11_08-00-56
202114,female,not_vaccinated,90,715,3723151,2.42,NA,CHFL,COVID19Hosp,vaccine,all,limited,2021-10-11_08-00-56
202114,female,unknown,110,1228,NA,NA,NA,CHFL,COVID19Hosp,vaccine,all,limited,2021-10-11_08-00-56
202114,male,fully_vaccinated,8,41,303679,2.63,NA,CHFL,COVID19Hosp,vaccine,all,limited,2021-10-11_08-00-56
202114,male,partially_vaccinated,7,45,199047,3.52,NA,CHFL,COVID19Hosp,vaccine,all,limited,2021-10-11_08-00-56
202114,male,not_vaccinated,130,908,3785352,3.43,NA,CHFL,COVID19Hosp,vaccine,all,limited,2021-10-11_08-00-56
202114,male,unknown,167,1489,NA,NA,NA,CHFL,COVID19Hosp,vaccine,all,limited,2021-10-11_08-00-56
202114,unknown,fully_vaccinated,0,0,83,0,NA,CHFL,COVID19Hosp,vaccine,all,limited,2021-10-11_08-00-56
202114,unknown,partially_vaccinated,0,0,114,0,NA,CHFL,COVID19Hosp,vaccine,all,limited,2021-10-11_08-00-56
202114,unknown,not_vaccinated,0,0,NA,NA,NA,CHFL,COVID19Hosp,vaccine,all,limited,2021-10-11_08-00-56
202114,unknown,unknown,1,2,NA,NA,NA,CHFL,COVID19Hosp,vaccine,all,limited,2021-10-11_08-00-56
202115,female,fully_vaccinated,9,37,444501,2.02,NA,CHFL,COVID19Hosp,vaccine,all,limited,2021-10-11_08-00-56
202115,female,partially_vaccinated,2,39,302861,0.66,NA,CHFL,COVID19Hosp,vaccine,all,limited,2021-10-11_08-00-56
202115,female,not_vaccinated,115,830,3609340,3.19,NA,CHFL,COVID19Hosp,vaccine,all,limited,2021-10-11_08-00-56
202115,female,unknown,84,1312,NA,NA,NA,CHFL,COVID19Hosp,vaccine,all,limited,2021-10-11_08-00-56
202115,male,fully_vaccinated,8,49,342395,2.34,NA,CHFL,COVID19Hosp,vaccine,all,limited,2021-10-11_08-00-56
202115,male,partially_vaccinated,8,53,259373,3.08,NA,CHFL,COVID19Hosp,vaccine,all,limited,2021-10-11_08-00-56
202115,male,not_vaccinated,151,1059,3686310,4.1,NA,CHFL,COVID19Hosp,vaccine,all,limited,2021-10-11_08-00-56
202115,male,unknown,124,1613,NA,NA,NA,CHFL,COVID19Hosp,vaccine,all,limited,2021-10-11_08-00-56
202115,unknown,fully_vaccinated,0,0,130,0,NA,CHFL,COVID19Hosp,vaccine,all,limited,2021-10-11_08-00-56
202115,unknown,partially_vaccinated,0,0,111,0,NA,CHFL,COVID19Hosp,vaccine,all,limited,2021-10-11_08-00-56
202115,unknown,not_vaccinated,0,0,NA,NA,NA,CHFL,COVID19Hosp,vaccine,all,limited,2021-10-11_08-00-56
202115,unknown,unknown,0,2,NA,NA,NA,CHFL,COVID19Hosp,vaccine,all,limited,2021-10-11_08-00-56
202116,female,fully_vaccinated,2,39,504131,0.4,NA,CHFL,COVID19Hosp,vaccine,all,limited,2021-10-11_08-00-56
202116,female,partially_vaccinated,7,46,381629,1.83,NA,CHFL,COVID19Hosp,vaccine,all,limited,2021-10-11_08-00-56
202116,female,not_vaccinated,116,946,3470942,3.34,NA,CHFL,COVID19Hosp,vaccine,all,limited,2021-10-11_08-00-56
202116,female,unknown,97,1409,NA,NA,NA,CHFL,COVID19Hosp,vaccine,all,limited,2021-10-11_08-00-56
202116,male,fully_vaccinated,10,59,393367,2.54,NA,CHFL,COVID19Hosp,vaccine,all,limited,2021-10-11_08-00-56
202116,male,partially_vaccinated,6,59,331365,1.81,NA,CHFL,COVID19Hosp,vaccine,all,limited,2021-10-11_08-00-56
202116,male,not_vaccinated,150,1209,3563346,4.21,NA,CHFL,COVID19Hosp,vaccine,all,limited,2021-10-11_08-00-56
202116,male,unknown,121,1734,NA,NA,NA,CHFL,COVID19Hosp,vaccine,all,limited,2021-10-11_08-00-56
202116,unknown,fully_vaccinated,0,0,144,0,NA,CHFL,COVID19Hosp,vaccine,all,limited,2021-10-11_08-00-56
202116,unknown,partially_vaccinated,0,0,157,0,NA,CHFL,COVID19Hosp,vaccine,all,limited,2021-10-11_08-00-56
202116,unknown,not_vaccinated,0,0,NA,NA,NA,CHFL,COVID19Hosp,vaccine,all,limited,2021-10-11_08-00-56
202116,unknown,unknown,0,2,NA,NA,NA,CHFL,COVID19Hosp,vaccine,all,limited,2021-10-11_08-00-56
202117,female,fully_vaccinated,9,48,563126,1.6,NA,CHFL,COVID19Hosp,vaccine,all,limited,2021-10-11_08-00-56
202117,female,partially_vaccinated,5,51,473593,1.06,NA,CHFL,COVID19Hosp,vaccine,all,limited,2021-10-11_08-00-56
202117,female,not_vaccinated,101,1047,3319983,3.04,NA,CHFL,COVID19Hosp,vaccine,all,limited,2021-10-11_08-00-56
202117,female,unknown,91,1500,NA,NA,NA,CHFL,COVID19Hosp,vaccine,all,limited,2021-10-11_08-00-56
202117,male,fully_vaccinated,4,63,442652,0.9,NA,CHFL,COVID19Hosp,vaccine,all,limited,2021-10-11_08-00-56
202117,male,partially_vaccinated,10,69,418116,2.39,NA,CHFL,COVID19Hosp,vaccine,all,limited,2021-10-11_08-00-56
202117,male,not_vaccinated,156,1365,3427310,4.55,NA,CHFL,COVID19Hosp,vaccine,all,limited,2021-10-11_08-00-56
202117,male,unknown,105,1839,NA,NA,NA,CHFL,COVID19Hosp,vaccine,all,limited,2021-10-11_08-00-56
202117,unknown,fully_vaccinated,0,0,158,0,NA,CHFL,COVID19Hosp,vaccine,all,limited,2021-10-11_08-00-56
202117,unknown,partially_vaccinated,0,0,208,0,NA,CHFL,COVID19Hosp,vaccine,all,limited,2021-10-11_08-00-56
202117,unknown,not_vaccinated,0,0,NA,NA,NA,CHFL,COVID19Hosp,vaccine,all,limited,2021-10-11_08-00-56
202117,unknown,unknown,0,2,NA,NA,NA,CHFL,COVID19Hosp,vaccine,all,limited,2021-10-11_08-00-56
202118,female,fully_vaccinated,10,58,636652,1.57,NA,CHFL,COVID19Hosp,vaccine,all,limited,2021-10-11_08-00-56
202118,female,partially_vaccinated,4,55,570654,0.7,NA,CHFL,COVID19Hosp,vaccine,all,limited,2021-10-11_08-00-56
202118,female,not_vaccinated,83,1130,3149396,2.64,NA,CHFL,COVID19Hosp,vaccine,all,limited,2021-10-11_08-00-56
202118,female,unknown,72,1572,NA,NA,NA,CHFL,COVID19Hosp,vaccine,all,limited,2021-10-11_08-00-56
202118,male,fully_vaccinated,8,71,506088,1.58,NA,CHFL,COVID19Hosp,vaccine,all,limited,2021-10-11_08-00-56
202118,male,partially_vaccinated,11,80,508928,2.16,NA,CHFL,COVID19Hosp,vaccine,all,limited,2021-10-11_08-00-56
202118,male,not_vaccinated,120,1485,3273062,3.67,NA,CHFL,COVID19Hosp,vaccine,all,limited,2021-10-11_08-00-56
202118,male,unknown,82,1921,NA,NA,NA,CHFL,COVID19Hosp,vaccine,all,limited,2021-10-11_08-00-56
202118,unknown,fully_vaccinated,0,0,186,0,NA,CHFL,COVID19Hosp,vaccine,all,limited,2021-10-11_08-00-56
202118,unknown,partially_vaccinated,0,0,279,0,NA,CHFL,COVID19Hosp,vaccine,all,limited,2021-10-11_08-00-56
202118,unknown,not_vaccinated,0,0,NA,NA,NA,CHFL,COVID19Hosp,vaccine,all,limited,2021-10-11_08-00-56
202118,unknown,unknown,0,2,NA,NA,NA,CHFL,COVID19Hosp,vaccine,all,limited,2021-10-11_08-00-56
202119,female,fully_vaccinated,4,62,738342,0.54,NA,CHFL,COVID19Hosp,vaccine,all,limited,2021-10-11_08-00-56
202119,female,partially_vaccinated,5,60,612672,0.82,NA,CHFL,COVID19Hosp,vaccine,all,limited,2021-10-11_08-00-56
202119,female,not_vaccinated,66,1196,3005688,2.2,NA,CHFL,COVID19Hosp,vaccine,all,limited,2021-10-11_08-00-56
202119,female,unknown,43,1615,NA,NA,NA,CHFL,COVID19Hosp,vaccine,all,limited,2021-10-11_08-00-56
202119,male,fully_vaccinated,2,73,595814,0.34,NA,CHFL,COVID19Hosp,vaccine,all,limited,2021-10-11_08-00-56
202119,male,partially_vaccinated,4,84,563020,0.71,NA,CHFL,COVID19Hosp,vaccine,all,limited,2021-10-11_08-00-56
202119,male,not_vaccinated,81,1566,3129244,2.59,NA,CHFL,COVID19Hosp,vaccine,all,limited,2021-10-11_08-00-56
202119,male,unknown,61,1982,NA,NA,NA,CHFL,COVID19Hosp,vaccine,all,limited,2021-10-11_08-00-56
202119,unknown,fully_vaccinated,0,0,222,0,NA,CHFL,COVID19Hosp,vaccine,all,limited,2021-10-11_08-00-56
202119,unknown,partially_vaccinated,0,0,315,0,NA,CHFL,COVID19Hosp,vaccine,all,limited,2021-10-11_08-00-56
202119,unknown,not_vaccinated,0,0,NA,NA,NA,CHFL,COVID19Hosp,vaccine,all,limited,2021-10-11_08-00-56
202119,unknown,unknown,0,2,NA,NA,NA,CHFL,COVID19Hosp,vaccine,all,limited,2021-10-11_08-00-56
202120,female,fully_vaccinated,2,64,878335,0.23,NA,CHFL,COVID19Hosp,vaccine,all,limited,2021-10-11_08-00-56
202120,female,partially_vaccinated,8,68,631249,1.27,NA,CHFL,COVID19Hosp,vaccine,all,limited,2021-10-11_08-00-56
202120,female,not_vaccinated,76,1272,2847118,2.67,NA,CHFL,COVID19Hosp,vaccine,all,limited,2021-10-11_08-00-56
202120,female,unknown,44,1659,NA,NA,NA,CHFL,COVID19Hosp,vaccine,all,limited,2021-10-11_08-00-56
202120,male,fully_vaccinated,5,78,721097,0.69,NA,CHFL,COVID19Hosp,vaccine,all,limited,2021-10-11_08-00-56
202120,male,partially_vaccinated,4,88,598033,0.67,NA,CHFL,COVID19Hosp,vaccine,all,limited,2021-10-11_08-00-56
202120,male,not_vaccinated,86,1652,2968948,2.9,NA,CHFL,COVID19Hosp,vaccine,all,limited,2021-10-11_08-00-56
202120,male,unknown,47,2029,NA,NA,NA,CHFL,COVID19Hosp,vaccine,all,limited,2021-10-11_08-00-56
202120,unknown,fully_vaccinated,0,0,277,0,NA,CHFL,COVID19Hosp,vaccine,all,limited,2021-10-11_08-00-56
202120,unknown,partially_vaccinated,0,0,332,0,NA,CHFL,COVID19Hosp,vaccine,all,limited,2021-10-11_08-00-56
202120,unknown,not_vaccinated,0,0,NA,NA,NA,CHFL,COVID19Hosp,vaccine,all,limited,2021-10-11_08-00-56
202120,unknown,unknown,0,2,NA,NA,NA,CHFL,COVID19Hosp,vaccine,all,limited,2021-10-11_08-00-56
202121,female,fully_vaccinated,5,69,1022878,0.49,NA,CHFL,COVID19Hosp,vaccine,all,limited,2021-10-11_08-00-56
202121,female,partially_vaccinated,2,70,628087,0.32,NA,CHFL,COVID19Hosp,vaccine,all,limited,2021-10-11_08-00-56
202121,female,not_vaccinated,30,1302,2705737,1.11,NA,CHFL,COVID19Hosp,vaccine,all,limited,2021-10-11_08-00-56
202121,female,unknown,26,1685,NA,NA,NA,CHFL,COVID19Hosp,vaccine,all,limited,2021-10-11_08-00-56
202121,male,fully_vaccinated,8,86,851762,0.94,NA,CHFL,COVID19Hosp,vaccine,all,limited,2021-10-11_08-00-56
202121,male,partially_vaccinated,3,91,620297,0.48,NA,CHFL,COVID19Hosp,vaccine,all,limited,2021-10-11_08-00-56
202121,male,not_vaccinated,45,1697,2816019,1.6,NA,CHFL,COVID19Hosp,vaccine,all,limited,2021-10-11_08-00-56
202121,male,unknown,33,2062,NA,NA,NA,CHFL,COVID19Hosp,vaccine,all,limited,2021-10-11_08-00-56
202121,unknown,fully_vaccinated,0,0,342,0,NA,CHFL,COVID19Hosp,vaccine,all,limited,2021-10-11_08-00-56
202121,unknown,partially_vaccinated,0,0,362,0,NA,CHFL,COVID19Hosp,vaccine,all,limited,2021-10-11_08-00-56
202121,unknown,not_vaccinated,0,0,NA,NA,NA,CHFL,COVID19Hosp,vaccine,all,limited,2021-10-11_08-00-56
202121,unknown,unknown,0,2,NA,NA,NA,CHFL,COVID19Hosp,vaccine,all,limited,2021-10-11_08-00-56
202122,female,fully_vaccinated,4,73,1187293,0.34,NA,CHFL,COVID19Hosp,vaccine,all,limited,2021-10-11_08-00-56
202122,female,partially_vaccinated,2,72,626144,0.32,NA,CHFL,COVID19Hosp,vaccine,all,limited,2021-10-11_08-00-56
202122,female,not_vaccinated,32,1334,2543265,1.26,NA,CHFL,COVID19Hosp,vaccine,all,limited,2021-10-11_08-00-56
202122,female,unknown,23,1708,NA,NA,NA,CHFL,COVID19Hosp,vaccine,all,limited,2021-10-11_08-00-56
202122,male,fully_vaccinated,7,93,1000483,0.7,NA,CHFL,COVID19Hosp,vaccine,all,limited,2021-10-11_08-00-56
202122,male,partially_vaccinated,3,94,648588,0.46,NA,CHFL,COVID19Hosp,vaccine,all,limited,2021-10-11_08-00-56
202122,male,not_vaccinated,44,1741,2639007,1.67,NA,CHFL,COVID19Hosp,vaccine,all,limited,2021-10-11_08-00-56
202122,male,unknown,17,2079,NA,NA,NA,CHFL,COVID19Hosp,vaccine,all,limited,2021-10-11_08-00-56
202122,unknown,fully_vaccinated,0,0,431,0,NA,CHFL,COVID19Hosp,vaccine,all,limited,2021-10-11_08-00-56
202122,unknown,partially_vaccinated,0,0,383,0,NA,CHFL,COVID19Hosp,vaccine,all,limited,2021-10-11_08-00-56
202122,unknown,not_vaccinated,0,0,NA,NA,NA,CHFL,COVID19Hosp,vaccine,all,limited,2021-10-11_08-00-56
202122,unknown,unknown,0,2,NA,NA,NA,CHFL,COVID19Hosp,vaccine,all,limited,2021-10-11_08-00-56
202123,female,fully_vaccinated,5,78,1342608,0.37,NA,CHFL,COVID19Hosp,vaccine,all,limited,2021-10-11_08-00-56
202123,female,partially_vaccinated,0,72,640949,0,NA,CHFL,COVID19Hosp,vaccine,all,limited,2021-10-11_08-00-56
202123,female,not_vaccinated,17,1351,2373145,0.72,NA,CHFL,COVID19Hosp,vaccine,all,limited,2021-10-11_08-00-56
202123,female,unknown,13,1721,NA,NA,NA,CHFL,COVID19Hosp,vaccine,all,limited,2021-10-11_08-00-56
202123,male,fully_vaccinated,10,103,1151935,0.87,NA,CHFL,COVID19Hosp,vaccine,all,limited,2021-10-11_08-00-56
202123,male,partially_vaccinated,3,97,683689,0.44,NA,CHFL,COVID19Hosp,vaccine,all,limited,2021-10-11_08-00-56
202123,male,not_vaccinated,19,1760,2452454,0.77,NA,CHFL,COVID19Hosp,vaccine,all,limited,2021-10-11_08-00-56
202123,male,unknown,21,2100,NA,NA,NA,CHFL,COVID19Hosp,vaccine,all,limited,2021-10-11_08-00-56
202123,unknown,fully_vaccinated,0,0,495,0,NA,CHFL,COVID19Hosp,vaccine,all,limited,2021-10-11_08-00-56
202123,unknown,partially_vaccinated,0,0,463,0,NA,CHFL,COVID19Hosp,vaccine,all,limited,2021-10-11_08-00-56
202123,unknown,not_vaccinated,0,0,NA,NA,NA,CHFL,COVID19Hosp,vaccine,all,limited,2021-10-11_08-00-56
202123,unknown,unknown,0,2,NA,NA,NA,CHFL,COVID19Hosp,vaccine,all,limited,2021-10-11_08-00-56
202124,female,fully_vaccinated,1,79,1498681,0.07,NA,CHFL,COVID19Hosp,vaccine,all,limited,2021-10-11_08-00-56
202124,female,partially_vaccinated,1,73,631726,0.16,NA,CHFL,COVID19Hosp,vaccine,all,limited,2021-10-11_08-00-56
202124,female,not_vaccinated,11,1362,2226295,0.49,NA,CHFL,COVID19Hosp,vaccine,all,limited,2021-10-11_08-00-56
202124,female,unknown,8,1729,NA,NA,NA,CHFL,COVID19Hosp,vaccine,all,limited,2021-10-11_08-00-56
202124,male,fully_vaccinated,4,107,1310505,0.31,NA,CHFL,COVID19Hosp,vaccine,all,limited,2021-10-11_08-00-56
202124,male,partially_vaccinated,1,98,688702,0.15,NA,CHFL,COVID19Hosp,vaccine,all,limited,2021-10-11_08-00-56
202124,male,not_vaccinated,22,1782,2288871,0.96,NA,CHFL,COVID19Hosp,vaccine,all,limited,2021-10-11_08-00-56
202124,male,unknown,13,2113,NA,NA,NA,CHFL,COVID19Hosp,vaccine,all,limited,2021-10-11_08-00-56
202124,unknown,fully_vaccinated,0,0,577,0,NA,CHFL,COVID19Hosp,vaccine,all,limited,2021-10-11_08-00-56
202124,unknown,partially_vaccinated,0,0,559,0,NA,CHFL,COVID19Hosp,vaccine,all,limited,2021-10-11_08-00-56
202124,unknown,not_vaccinated,0,0,NA,NA,NA,CHFL,COVID19Hosp,vaccine,all,limited,2021-10-11_08-00-56
202124,unknown,unknown,0,2,NA,NA,NA,CHFL,COVID19Hosp,vaccine,all,limited,2021-10-11_08-00-56
202125,female,fully_vaccinated,3,82,1646769,0.18,NA,CHFL,COVID19Hosp,vaccine,all,limited,2021-10-11_08-00-56
202125,female,partially_vaccinated,0,73,593143,0,NA,CHFL,COVID19Hosp,vaccine,all,limited,2021-10-11_08-00-56
202125,female,not_vaccinated,4,1366,2116790,0.19,NA,CHFL,COVID19Hosp,vaccine,all,limited,2021-10-11_08-00-56
202125,female,unknown,7,1736,NA,NA,NA,CHFL,COVID19Hosp,vaccine,all,limited,2021-10-11_08-00-56
202125,male,fully_vaccinated,1,108,1470406,0.07,NA,CHFL,COVID19Hosp,vaccine,all,limited,2021-10-11_08-00-56
202125,male,partially_vaccinated,0,98,651436,0,NA,CHFL,COVID19Hosp,vaccine,all,limited,2021-10-11_08-00-56
202125,male,not_vaccinated,16,1798,2166236,0.74,NA,CHFL,COVID19Hosp,vaccine,all,limited,2021-10-11_08-00-56
202125,male,unknown,11,2124,NA,NA,NA,CHFL,COVID19Hosp,vaccine,all,limited,2021-10-11_08-00-56
202125,unknown,fully_vaccinated,0,0,676,0,NA,CHFL,COVID19Hosp,vaccine,all,limited,2021-10-11_08-00-56
202125,unknown,partially_vaccinated,0,0,624,0,NA,CHFL,COVID19Hosp,vaccine,all,limited,2021-10-11_08-00-56
202125,unknown,not_vaccinated,0,0,NA,NA,NA,CHFL,COVID19Hosp,vaccine,all,limited,2021-10-11_08-00-56
202125,unknown,unknown,0,2,NA,NA,NA,CHFL,COVID19Hosp,vaccine,all,limited,2021-10-11_08-00-56
202126,female,fully_vaccinated,2,84,1806496,0.11,NA,CHFL,COVID19Hosp,vaccine,all,intermediate,2021-10-11_08-00-56
202126,female,partially_vaccinated,1,74,495470,0.2,NA,CHFL,COVID19Hosp,vaccine,all,intermediate,2021-10-11_08-00-56
202126,female,not_vaccinated,3,1369,2054736,0.15,NA,CHFL,COVID19Hosp,vaccine,all,intermediate,2021-10-11_08-00-56
202126,female,unknown,4,1740,NA,NA,NA,CHFL,COVID19Hosp,vaccine,all,intermediate,2021-10-11_08-00-56
202126,male,fully_vaccinated,1,109,1644774,0.06,NA,CHFL,COVID19Hosp,vaccine,all,intermediate,2021-10-11_08-00-56
202126,male,partially_vaccinated,0,98,543293,0,NA,CHFL,COVID19Hosp,vaccine,all,intermediate,2021-10-11_08-00-56
202126,male,not_vaccinated,5,1803,2100011,0.24,NA,CHFL,COVID19Hosp,vaccine,all,intermediate,2021-10-11_08-00-56
202126,male,unknown,7,2131,NA,NA,NA,CHFL,COVID19Hosp,vaccine,all,intermediate,2021-10-11_08-00-56
202126,unknown,fully_vaccinated,0,0,782,0,NA,CHFL,COVID19Hosp,vaccine,all,intermediate,2021-10-11_08-00-56
202126,unknown,partially_vaccinated,0,0,597,0,NA,CHFL,COVID19Hosp,vaccine,all,intermediate,2021-10-11_08-00-56
202126,unknown,not_vaccinated,0,0,NA,NA,NA,CHFL,COVID19Hosp,vaccine,all,intermediate,2021-10-11_08-00-56
202126,unknown,unknown,0,2,NA,NA,NA,CHFL,COVID19Hosp,vaccine,all,intermediate,2021-10-11_08-00-56
202127,female,fully_vaccinated,0,84,1966567,0,NA,CHFL,COVID19Hosp,vaccine,all,intermediate,2021-10-11_08-00-56
202127,female,partially_vaccinated,0,74,377669,0,NA,CHFL,COVID19Hosp,vaccine,all,intermediate,2021-10-11_08-00-56
202127,female,not_vaccinated,10,1379,2012466,0.5,NA,CHFL,COVID19Hosp,vaccine,all,intermediate,2021-10-11_08-00-56
202127,female,unknown,3,1743,NA,NA,NA,CHFL,COVID19Hosp,vaccine,all,intermediate,2021-10-11_08-00-56
202127,male,fully_vaccinated,0,109,1820653,0,NA,CHFL,COVID19Hosp,vaccine,all,intermediate,2021-10-11_08-00-56
202127,male,partially_vaccinated,0,98,412187,0,NA,CHFL,COVID19Hosp,vaccine,all,intermediate,2021-10-11_08-00-56
202127,male,not_vaccinated,11,1814,2055238,0.54,NA,CHFL,COVID19Hosp,vaccine,all,intermediate,2021-10-11_08-00-56
202127,male,unknown,4,2135,NA,NA,NA,CHFL,COVID19Hosp,vaccine,all,intermediate,2021-10-11_08-00-56
202127,unknown,fully_vaccinated,0,0,909,0,NA,CHFL,COVID19Hosp,vaccine,all,intermediate,2021-10-11_08-00-56
202127,unknown,partially_vaccinated,0,0,520,0,NA,CHFL,COVID19Hosp,vaccine,all,intermediate,2021-10-11_08-00-56
202127,unknown,not_vaccinated,0,0,NA,NA,NA,CHFL,COVID19Hosp,vaccine,all,intermediate,2021-10-11_08-00-56
202127,unknown,unknown,0,2,NA,NA,NA,CHFL,COVID19Hosp,vaccine,all,intermediate,2021-10-11_08-00-56
202128,female,fully_vaccinated,1,85,2106400,0.05,NA,CHFL,COVID19Hosp,vaccine,all,intermediate,2021-10-11_08-00-56
202128,female,partially_vaccinated,1,75,274688,0.36,NA,CHFL,COVID19Hosp,vaccine,all,intermediate,2021-10-11_08-00-56
202128,female,not_vaccinated,23,1402,1975614,1.16,NA,CHFL,COVID19Hosp,vaccine,all,intermediate,2021-10-11_08-00-56
202128,female,unknown,7,1750,NA,NA,NA,CHFL,COVID19Hosp,vaccine,all,intermediate,2021-10-11_08-00-56
202128,male,fully_vaccinated,6,115,1977429,0.3,NA,CHFL,COVID19Hosp,vaccine,all,intermediate,2021-10-11_08-00-56
202128,male,partially_vaccinated,1,99,293640,0.34,NA,CHFL,COVID19Hosp,vaccine,all,intermediate,2021-10-11_08-00-56
202128,male,not_vaccinated,19,1833,2017009,0.94,NA,CHFL,COVID19Hosp,vaccine,all,intermediate,2021-10-11_08-00-56
202128,male,unknown,3,2138,NA,NA,NA,CHFL,COVID19Hosp,vaccine,all,intermediate,2021-10-11_08-00-56
202128,unknown,fully_vaccinated,0,0,1071,0,NA,CHFL,COVID19Hosp,vaccine,all,intermediate,2021-10-11_08-00-56
202128,unknown,partially_vaccinated,0,0,394,0,NA,CHFL,COVID19Hosp,vaccine,all,intermediate,2021-10-11_08-00-56
202128,unknown,not_vaccinated,0,0,NA,NA,NA,CHFL,COVID19Hosp,vaccine,all,intermediate,2021-10-11_08-00-56
202128,unknown,unknown,0,2,NA,NA,NA,CHFL,COVID19Hosp,vaccine,all,intermediate,2021-10-11_08-00-56
202129,female,fully_vaccinated,5,90,2213529,0.23,NA,CHFL,COVID19Hosp,vaccine,all,intermediate,2021-10-11_08-00-56
202129,female,partially_vaccinated,0,75,202532,0,NA,CHFL,COVID19Hosp,vaccine,all,intermediate,2021-10-11_08-00-56
202129,female,not_vaccinated,22,1424,1940641,1.13,NA,CHFL,COVID19Hosp,vaccine,all,intermediate,2021-10-11_08-00-56
202129,female,unknown,7,1757,NA,NA,NA,CHFL,COVID19Hosp,vaccine,all,intermediate,2021-10-11_08-00-56
202129,male,fully_vaccinated,9,124,2098734,0.43,NA,CHFL,COVID19Hosp,vaccine,all,intermediate,2021-10-11_08-00-56
202129,male,partially_vaccinated,0,99,208478,0,NA,CHFL,COVID19Hosp,vaccine,all,intermediate,2021-10-11_08-00-56
202129,male,not_vaccinated,33,1866,1980866,1.67,NA,CHFL,COVID19Hosp,vaccine,all,intermediate,2021-10-11_08-00-56
202129,male,unknown,10,2148,NA,NA,NA,CHFL,COVID19Hosp,vaccine,all,intermediate,2021-10-11_08-00-56
202129,unknown,fully_vaccinated,0,0,1213,0,NA,CHFL,COVID19Hosp,vaccine,all,intermediate,2021-10-11_08-00-56
202129,unknown,partially_vaccinated,0,0,285,0,NA,CHFL,COVID19Hosp,vaccine,all,intermediate,2021-10-11_08-00-56
202129,unknown,not_vaccinated,0,0,NA,NA,NA,CHFL,COVID19Hosp,vaccine,all,intermediate,2021-10-11_08-00-56
202129,unknown,unknown,0,2,NA,NA,NA,CHFL,COVID19Hosp,vaccine,all,intermediate,2021-10-11_08-00-56
202130,female,fully_vaccinated,8,98,2273714,0.35,NA,CHFL,COVID19Hosp,vaccine,all,intermediate,2021-10-11_08-00-56
202130,female,partially_vaccinated,0,75,175116,0,NA,CHFL,COVID19Hosp,vaccine,all,intermediate,2021-10-11_08-00-56
202130,female,not_vaccinated,39,1463,1907872,2.04,NA,CHFL,COVID19Hosp,vaccine,all,intermediate,2021-10-11_08-00-56
202130,female,unknown,9,1766,NA,NA,NA,CHFL,COVID19Hosp,vaccine,all,intermediate,2021-10-11_08-00-56
202130,male,fully_vaccinated,5,129,2164132,0.23,NA,CHFL,COVID19Hosp,vaccine,all,intermediate,2021-10-11_08-00-56
202130,male,partially_vaccinated,0,99,177224,0,NA,CHFL,COVID19Hosp,vaccine,all,intermediate,2021-10-11_08-00-56
202130,male,not_vaccinated,48,1914,1946722,2.47,NA,CHFL,COVID19Hosp,vaccine,all,intermediate,2021-10-11_08-00-56
202130,male,unknown,13,2161,NA,NA,NA,CHFL,COVID19Hosp,vaccine,all,intermediate,2021-10-11_08-00-56
202130,unknown,fully_vaccinated,0,0,1294,0,NA,CHFL,COVID19Hosp,vaccine,all,intermediate,2021-10-11_08-00-56
202130,unknown,partially_vaccinated,0,0,240,0,NA,CHFL,COVID19Hosp,vaccine,all,intermediate,2021-10-11_08-00-56
202130,unknown,not_vaccinated,0,0,NA,NA,NA,CHFL,COVID19Hosp,vaccine,all,intermediate,2021-10-11_08-00-56
202130,unknown,unknown,0,2,NA,NA,NA,CHFL,COVID19Hosp,vaccine,all,intermediate,2021-10-11_08-00-56
202131,female,fully_vaccinated,6,104,2315820,0.26,NA,CHFL,COVID19Hosp,vaccine,all,intermediate,2021-10-11_08-00-56
202131,female,partially_vaccinated,0,75,159597,0,NA,CHFL,COVID19Hosp,vaccine,all,intermediate,2021-10-11_08-00-56
202131,female,not_vaccinated,63,1526,1881285,3.35,NA,CHFL,COVID19Hosp,vaccine,all,intermediate,2021-10-11_08-00-56
202131,female,unknown,15,1781,NA,NA,NA,CHFL,COVID19Hosp,vaccine,all,intermediate,2021-10-11_08-00-56
202131,male,fully_vaccinated,9,138,2208568,0.41,NA,CHFL,COVID19Hosp,vaccine,all,intermediate,2021-10-11_08-00-56
202131,male,partially_vaccinated,2,101,160800,1.24,NA,CHFL,COVID19Hosp,vaccine,all,intermediate,2021-10-11_08-00-56
202131,male,not_vaccinated,60,1974,1918710,3.13,NA,CHFL,COVID19Hosp,vaccine,all,intermediate,2021-10-11_08-00-56
202131,male,unknown,13,2174,NA,NA,NA,CHFL,COVID19Hosp,vaccine,all,intermediate,2021-10-11_08-00-56
202131,unknown,fully_vaccinated,0,0,1340,0,NA,CHFL,COVID19Hosp,vaccine,all,intermediate,2021-10-11_08-00-56
202131,unknown,partially_vaccinated,0,0,210,0,NA,CHFL,COVID19Hosp,vaccine,all,intermediate,2021-10-11_08-00-56
202131,unknown,not_vaccinated,0,0,NA,NA,NA,CHFL,COVID19Hosp,vaccine,all,intermediate,2021-10-11_08-00-56
202131,unknown,unknown,0,2,NA,NA,NA,CHFL,COVID19Hosp,vaccine,all,intermediate,2021-10-11_08-00-56
202132,female,fully_vaccinated,18,122,2353767,0.76,NA,CHFL,COVID19Hosp,vaccine,all,intermediate,2021-10-11_08-00-56
202132,female,partially_vaccinated,2,77,152982,1.31,NA,CHFL,COVID19Hosp,vaccine,all,intermediate,2021-10-11_08-00-56
202132,female,not_vaccinated,133,1659,1849953,7.19,NA,CHFL,COVID19Hosp,vaccine,all,intermediate,2021-10-11_08-00-56
202132,female,unknown,16,1797,NA,NA,NA,CHFL,COVID19Hosp,vaccine,all,intermediate,2021-10-11_08-00-56
202132,male,fully_vaccinated,15,153,2247727,0.67,NA,CHFL,COVID19Hosp,vaccine,all,intermediate,2021-10-11_08-00-56
202132,male,partially_vaccinated,5,106,153801,3.25,NA,CHFL,COVID19Hosp,vaccine,all,intermediate,2021-10-11_08-00-56
202132,male,not_vaccinated,143,2117,1886550,7.58,NA,CHFL,COVID19Hosp,vaccine,all,intermediate,2021-10-11_08-00-56
202132,male,unknown,14,2188,NA,NA,NA,CHFL,COVID19Hosp,vaccine,all,intermediate,2021-10-11_08-00-56
202132,unknown,fully_vaccinated,0,0,1372,0,NA,CHFL,COVID19Hosp,vaccine,all,intermediate,2021-10-11_08-00-56
202132,unknown,partially_vaccinated,0,0,203,0,NA,CHFL,COVID19Hosp,vaccine,all,intermediate,2021-10-11_08-00-56
202132,unknown,not_vaccinated,0,0,NA,NA,NA,CHFL,COVID19Hosp,vaccine,all,intermediate,2021-10-11_08-00-56
202132,unknown,unknown,0,2,NA,NA,NA,CHFL,COVID19Hosp,vaccine,all,intermediate,2021-10-11_08-00-56
202133,female,fully_vaccinated,26,148,2391469,1.09,NA,CHFL,COVID19Hosp,vaccine,all,intermediate,2021-10-11_08-00-56
202133,female,partially_vaccinated,1,78,151909,0.66,NA,CHFL,COVID19Hosp,vaccine,all,intermediate,2021-10-11_08-00-56
202133,female,not_vaccinated,183,1842,1813324,10.09,NA,CHFL,COVID19Hosp,vaccine,all,intermediate,2021-10-11_08-00-56
202133,female,unknown,35,1832,NA,NA,NA,CHFL,COVID19Hosp,vaccine,all,intermediate,2021-10-11_08-00-56
202133,male,fully_vaccinated,29,182,2286744,1.27,NA,CHFL,COVID19Hosp,vaccine,all,intermediate,2021-10-11_08-00-56
202133,male,partially_vaccinated,2,108,151662,1.32,NA,CHFL,COVID19Hosp,vaccine,all,intermediate,2021-10-11_08-00-56
202133,male,not_vaccinated,177,2294,1849672,9.57,NA,CHFL,COVID19Hosp,vaccine,all,intermediate,2021-10-11_08-00-56
202133,male,unknown,45,2233,NA,NA,NA,CHFL,COVID19Hosp,vaccine,all,intermediate,2021-10-11_08-00-56
202133,unknown,fully_vaccinated,0,0,1401,0,NA,CHFL,COVID19Hosp,vaccine,all,intermediate,2021-10-11_08-00-56
202133,unknown,partially_vaccinated,0,0,208,0,NA,CHFL,COVID19Hosp,vaccine,all,intermediate,2021-10-11_08-00-56
202133,unknown,not_vaccinated,0,0,NA,NA,NA,CHFL,COVID19Hosp,vaccine,all,intermediate,2021-10-11_08-00-56
202133,unknown,unknown,0,2,NA,NA,NA,CHFL,COVID19Hosp,vaccine,all,intermediate,2021-10-11_08-00-56
202134,female,fully_vaccinated,17,165,2428290,0.7,NA,CHFL,COVID19Hosp,vaccine,all,intermediate,2021-10-11_08-00-56
202134,female,partially_vaccinated,2,80,162038,1.23,NA,CHFL,COVID19Hosp,vaccine,all,intermediate,2021-10-11_08-00-56
202134,female,not_vaccinated,143,1985,1766374,8.1,NA,CHFL,COVID19Hosp,vaccine,all,intermediate,2021-10-11_08-00-56
202134,female,unknown,37,1869,NA,NA,NA,CHFL,COVID19Hosp,vaccine,all,intermediate,2021-10-11_08-00-56
202134,male,fully_vaccinated,25,207,2324839,1.08,NA,CHFL,COVID19Hosp,vaccine,all,intermediate,2021-10-11_08-00-56
202134,male,partially_vaccinated,3,111,159832,1.88,NA,CHFL,COVID19Hosp,vaccine,all,intermediate,2021-10-11_08-00-56
202134,male,not_vaccinated,200,2494,1803407,11.09,NA,CHFL,COVID19Hosp,vaccine,all,intermediate,2021-10-11_08-00-56
202134,male,unknown,44,2277,NA,NA,NA,CHFL,COVID19Hosp,vaccine,all,intermediate,2021-10-11_08-00-56
202134,unknown,fully_vaccinated,0,0,1435,0,NA,CHFL,COVID19Hosp,vaccine,all,intermediate,2021-10-11_08-00-56
202134,unknown,partially_vaccinated,0,0,212,0,NA,CHFL,COVID19Hosp,vaccine,all,intermediate,2021-10-11_08-00-56
202134,unknown,not_vaccinated,0,0,NA,NA,NA,CHFL,COVID19Hosp,vaccine,all,intermediate,2021-10-11_08-00-56
202134,unknown,unknown,0,2,NA,NA,NA,CHFL,COVID19Hosp,vaccine,all,intermediate,2021-10-11_08-00-56
202135,female,fully_vaccinated,15,180,2458649,0.61,NA,CHFL,COVID19Hosp,vaccine,all,intermediate,2021-10-11_08-00-56
202135,female,partially_vaccinated,3,83,183284,1.64,NA,CHFL,COVID19Hosp,vaccine,all,intermediate,2021-10-11_08-00-56
202135,female,not_vaccinated,134,2119,1714769,7.81,NA,CHFL,COVID19Hosp,vaccine,all,intermediate,2021-10-11_08-00-56
202135,female,unknown,28,1897,NA,NA,NA,CHFL,COVID19Hosp,vaccine,all,intermediate,2021-10-11_08-00-56
202135,male,fully_vaccinated,28,235,2356303,1.19,NA,CHFL,COVID19Hosp,vaccine,all,intermediate,2021-10-11_08-00-56
202135,male,partially_vaccinated,2,113,179686,1.11,NA,CHFL,COVID19Hosp,vaccine,all,intermediate,2021-10-11_08-00-56
202135,male,not_vaccinated,160,2654,1752089,9.13,NA,CHFL,COVID19Hosp,vaccine,all,intermediate,2021-10-11_08-00-56
202135,male,unknown,28,2305,NA,NA,NA,CHFL,COVID19Hosp,vaccine,all,intermediate,2021-10-11_08-00-56
202135,unknown,fully_vaccinated,0,0,1459,0,NA,CHFL,COVID19Hosp,vaccine,all,intermediate,2021-10-11_08-00-56
202135,unknown,partially_vaccinated,0,0,224,0,NA,CHFL,COVID19Hosp,vaccine,all,intermediate,2021-10-11_08-00-56
202135,unknown,not_vaccinated,0,0,NA,NA,NA,CHFL,COVID19Hosp,vaccine,all,intermediate,2021-10-11_08-00-56
202135,unknown,unknown,0,2,NA,NA,NA,CHFL,COVID19Hosp,vaccine,all,intermediate,2021-10-11_08-00-56
202136,female,fully_vaccinated,20,200,2494472,0.8,NA,CHFL,COVID19Hosp,vaccine,all,intermediate,2021-10-11_08-00-56
202136,female,partially_vaccinated,0,83,212270,0,NA,CHFL,COVID19Hosp,vaccine,all,intermediate,2021-10-11_08-00-56
202136,female,not_vaccinated,117,2236,1649960,7.09,NA,CHFL,COVID19Hosp,vaccine,all,intermediate,2021-10-11_08-00-56
202136,female,unknown,25,1922,NA,NA,NA,CHFL,COVID19Hosp,vaccine,all,intermediate,2021-10-11_08-00-56
202136,male,fully_vaccinated,27,262,2392907,1.13,NA,CHFL,COVID19Hosp,vaccine,all,intermediate,2021-10-11_08-00-56
202136,male,partially_vaccinated,3,116,211581,1.42,NA,CHFL,COVID19Hosp,vaccine,all,intermediate,2021-10-11_08-00-56
202136,male,not_vaccinated,129,2783,1683590,7.66,NA,CHFL,COVID19Hosp,vaccine,all,intermediate,2021-10-11_08-00-56
202136,male,unknown,27,2332,NA,NA,NA,CHFL,COVID19Hosp,vaccine,all,intermediate,2021-10-11_08-00-56
202136,unknown,fully_vaccinated,0,0,1485,0,NA,CHFL,COVID19Hosp,vaccine,all,intermediate,2021-10-11_08-00-56
202136,unknown,partially_vaccinated,0,0,256,0,NA,CHFL,COVID19Hosp,vaccine,all,intermediate,2021-10-11_08-00-56
202136,unknown,not_vaccinated,0,0,NA,NA,NA,CHFL,COVID19Hosp,vaccine,all,intermediate,2021-10-11_08-00-56
202136,unknown,unknown,0,2,NA,NA,NA,CHFL,COVID19Hosp,vaccine,all,intermediate,2021-10-11_08-00-56
202137,female,fully_vaccinated,25,225,2538493,0.98,NA,CHFL,COVID19Hosp,vaccine,all,intermediate,2021-10-11_08-00-56
202137,female,partially_vaccinated,0,83,239904,0,NA,CHFL,COVID19Hosp,vaccine,all,intermediate,2021-10-11_08-00-56
202137,female,not_vaccinated,108,2344,1578305,6.84,NA,CHFL,COVID19Hosp,vaccine,all,intermediate,2021-10-11_08-00-56
202137,female,unknown,7,1929,NA,NA,NA,CHFL,COVID19Hosp,vaccine,all,intermediate,2021-10-11_08-00-56
202137,male,fully_vaccinated,28,290,2437394,1.15,NA,CHFL,COVID19Hosp,vaccine,all,intermediate,2021-10-11_08-00-56
202137,male,partially_vaccinated,7,123,245256,2.85,NA,CHFL,COVID19Hosp,vaccine,all,intermediate,2021-10-11_08-00-56
202137,male,not_vaccinated,110,2893,1605428,6.85,NA,CHFL,COVID19Hosp,vaccine,all,intermediate,2021-10-11_08-00-56
202137,male,unknown,29,2361,NA,NA,NA,CHFL,COVID19Hosp,vaccine,all,intermediate,2021-10-11_08-00-56
202137,unknown,fully_vaccinated,0,0,1522,0,NA,CHFL,COVID19Hosp,vaccine,all,intermediate,2021-10-11_08-00-56
202137,unknown,partially_vaccinated,0,0,307,0,NA,CHFL,COVID19Hosp,vaccine,all,intermediate,2021-10-11_08-00-56
202137,unknown,not_vaccinated,0,0,NA,NA,NA,CHFL,COVID19Hosp,vaccine,all,intermediate,2021-10-11_08-00-56
202137,unknown,unknown,0,2,NA,NA,NA,CHFL,COVID19Hosp,vaccine,all,intermediate,2021-10-11_08-00-56
202138,female,fully_vaccinated,23,248,2586820,0.89,NA,CHFL,COVID19Hosp,vaccine,all,intermediate,2021-10-11_08-00-56
202138,female,partially_vaccinated,1,84,244716,0.41,NA,CHFL,COVID19Hosp,vaccine,all,intermediate,2021-10-11_08-00-56
202138,female,not_vaccinated,71,2415,1525166,4.66,NA,CHFL,COVID19Hosp,vaccine,all,intermediate,2021-10-11_08-00-56
202138,female,unknown,15,1944,NA,NA,NA,CHFL,COVID19Hosp,vaccine,all,intermediate,2021-10-11_08-00-56
202138,male,fully_vaccinated,25,315,2485502,1.01,NA,CHFL,COVID19Hosp,vaccine,all,intermediate,2021-10-11_08-00-56
202138,male,partially_vaccinated,3,126,254868,1.18,NA,CHFL,COVID19Hosp,vaccine,all,intermediate,2021-10-11_08-00-56
202138,male,not_vaccinated,93,2986,1547708,6.01,NA,CHFL,COVID19Hosp,vaccine,all,intermediate,2021-10-11_08-00-56
202138,male,unknown,18,2379,NA,NA,NA,CHFL,COVID19Hosp,vaccine,all,intermediate,2021-10-11_08-00-56
202138,unknown,fully_vaccinated,0,0,1563,0,NA,CHFL,COVID19Hosp,vaccine,all,intermediate,2021-10-11_08-00-56
202138,unknown,partially_vaccinated,0,0,319,0,NA,CHFL,COVID19Hosp,vaccine,all,intermediate,2021-10-11_08-00-56
202138,unknown,not_vaccinated,0,0,NA,NA,NA,CHFL,COVID19Hosp,vaccine,all,intermediate,2021-10-11_08-00-56
202138,unknown,unknown,0,2,NA,NA,NA,CHFL,COVID19Hosp,vaccine,all,intermediate,2021-10-11_08-00-56
202139,female,fully_vaccinated,13,261,2636748,0.49,NA,CHFL,COVID19Hosp,vaccine,all,intermediate,2021-10-11_08-00-56
202139,female,partially_vaccinated,0,84,229476,0,NA,CHFL,COVID19Hosp,vaccine,all,intermediate,2021-10-11_08-00-56
202139,female,not_vaccinated,58,2473,1490478,3.89,NA,CHFL,COVID19Hosp,vaccine,all,intermediate,2021-10-11_08-00-56
202139,female,unknown,8,1952,NA,NA,NA,CHFL,COVID19Hosp,vaccine,all,intermediate,2021-10-11_08-00-56
202139,male,fully_vaccinated,15,330,2535139,0.59,NA,CHFL,COVID19Hosp,vaccine,all,intermediate,2021-10-11_08-00-56
202139,male,partially_vaccinated,4,130,241493,1.66,NA,CHFL,COVID19Hosp,vaccine,all,intermediate,2021-10-11_08-00-56
202139,male,not_vaccinated,59,3045,1511446,3.9,NA,CHFL,COVID19Hosp,vaccine,all,intermediate,2021-10-11_08-00-56
202139,male,unknown,16,2395,NA,NA,NA,CHFL,COVID19Hosp,vaccine,all,intermediate,2021-10-11_08-00-56
202139,unknown,fully_vaccinated,0,0,1592,0,NA,CHFL,COVID19Hosp,vaccine,all,intermediate,2021-10-11_08-00-56
202139,unknown,partially_vaccinated,0,0,325,0,NA,CHFL,COVID19Hosp,vaccine,all,intermediate,2021-10-11_08-00-56
202139,unknown,not_vaccinated,0,0,NA,NA,NA,CHFL,COVID19Hosp,vaccine,all,intermediate,2021-10-11_08-00-56
202139,unknown,unknown,0,2,NA,NA,NA,CHFL,COVID19Hosp,vaccine,all,intermediate,2021-10-11_08-00-56
202140,female,fully_vaccinated,11,272,2693598,0.41,NA,CHFL,COVID19Hosp,vaccine,all,intermediate,2021-10-11_08-00-56
202140,female,partially_vaccinated,1,85,197839,0.51,NA,CHFL,COVID19Hosp,vaccine,all,intermediate,2021-10-11_08-00-56
202140,female,not_vaccinated,30,2503,1465265,2.05,NA,CHFL,COVID19Hosp,vaccine,all,intermediate,2021-10-11_08-00-56
202140,female,unknown,5,1957,NA,NA,NA,CHFL,COVID19Hosp,vaccine,all,intermediate,2021-10-11_08-00-56
202140,male,fully_vaccinated,15,345,2595493,0.58,NA,CHFL,COVID19Hosp,vaccine,all,intermediate,2021-10-11_08-00-56
202140,male,partially_vaccinated,3,133,207698,1.44,NA,CHFL,COVID19Hosp,vaccine,all,intermediate,2021-10-11_08-00-56
202140,male,not_vaccinated,31,3076,1484887,2.09,NA,CHFL,COVID19Hosp,vaccine,all,intermediate,2021-10-11_08-00-56
202140,male,unknown,5,2400,NA,NA,NA,CHFL,COVID19Hosp,vaccine,all,intermediate,2021-10-11_08-00-56
202140,unknown,fully_vaccinated,0,0,1686,0,NA,CHFL,COVID19Hosp,vaccine,all,intermediate,2021-10-11_08-00-56
202140,unknown,partially_vaccinated,0,0,262,0,NA,CHFL,COVID19Hosp,vaccine,all,intermediate,2021-10-11_08-00-56
202140,unknown,not_vaccinated,1,1,NA,NA,NA,CHFL,COVID19Hosp,vaccine,all,intermediate,2021-10-11_08-00-56
202140,unknown,unknown,0,2,NA,NA,NA,CHFL,COVID19Hosp,vaccine,all,intermediate,2021-10-11_08-00-56
202104,all,fully_vaccinated,0,0,15347,0,NA,CHFL,COVID19Hosp,vaccine,all,limited,2021-10-11_08-00-56
202104,all,partially_vaccinated,2,2,277668,0.72,NA,CHFL,COVID19Hosp,vaccine,all,limited,2021-10-11_08-00-56
202104,all,not_vaccinated,59,59,8351765,0.71,NA,CHFL,COVID19Hosp,vaccine,all,limited,2021-10-11_08-00-56
202104,all,unknown,293,293,NA,NA,NA,CHFL,COVID19Hosp,vaccine,all,limited,2021-10-11_08-00-56
202105,all,fully_vaccinated,0,0,46827,0,NA,CHFL,COVID19Hosp,vaccine,all,limited,2021-10-11_08-00-56
202105,all,partially_vaccinated,5,7,314646,1.59,NA,CHFL,COVID19Hosp,vaccine,all,limited,2021-10-11_08-00-56
202105,all,not_vaccinated,123,182,8283307,1.48,NA,CHFL,COVID19Hosp,vaccine,all,limited,2021-10-11_08-00-56
202105,all,unknown,323,616,NA,NA,NA,CHFL,COVID19Hosp,vaccine,all,limited,2021-10-11_08-00-56
202106,all,fully_vaccinated,3,3,103136,2.91,NA,CHFL,COVID19Hosp,vaccine,all,limited,2021-10-11_08-00-56
202106,all,partially_vaccinated,5,12,335967,1.49,NA,CHFL,COVID19Hosp,vaccine,all,limited,2021-10-11_08-00-56
202106,all,not_vaccinated,119,301,8205677,1.45,NA,CHFL,COVID19Hosp,vaccine,all,limited,2021-10-11_08-00-56
202106,all,unknown,235,851,NA,NA,NA,CHFL,COVID19Hosp,vaccine,all,limited,2021-10-11_08-00-56
202107,all,fully_vaccinated,4,7,175395,2.28,NA,CHFL,COVID19Hosp,vaccine,all,limited,2021-10-11_08-00-56
202107,all,partially_vaccinated,10,22,322381,3.1,NA,CHFL,COVID19Hosp,vaccine,all,limited,2021-10-11_08-00-56
202107,all,not_vaccinated,122,423,8147004,1.5,NA,CHFL,COVID19Hosp,vaccine,all,limited,2021-10-11_08-00-56
202107,all,unknown,230,1081,NA,NA,NA,CHFL,COVID19Hosp,vaccine,all,limited,2021-10-11_08-00-56
202108,all,fully_vaccinated,8,15,265326,3.02,NA,CHFL,COVID19Hosp,vaccine,all,limited,2021-10-11_08-00-56
202108,all,partially_vaccinated,6,28,281030,2.14,NA,CHFL,COVID19Hosp,vaccine,all,limited,2021-10-11_08-00-56
202108,all,not_vaccinated,96,519,8098424,1.19,NA,CHFL,COVID19Hosp,vaccine,all,limited,2021-10-11_08-00-56
202108,all,unknown,177,1258,NA,NA,NA,CHFL,COVID19Hosp,vaccine,all,limited,2021-10-11_08-00-56
202109,all,fully_vaccinated,6,21,342041,1.75,NA,CHFL,COVID19Hosp,vaccine,all,limited,2021-10-11_08-00-56
202109,all,partially_vaccinated,7,35,279488,2.5,NA,CHFL,COVID19Hosp,vaccine,all,limited,2021-10-11_08-00-56
202109,all,not_vaccinated,142,661,8023251,1.77,NA,CHFL,COVID19Hosp,vaccine,all,limited,2021-10-11_08-00-56
202109,all,unknown,180,1438,NA,NA,NA,CHFL,COVID19Hosp,vaccine,all,limited,2021-10-11_08-00-56
202110,all,fully_vaccinated,5,26,404265,1.24,NA,CHFL,COVID19Hosp,vaccine,all,limited,2021-10-11_08-00-56
202110,all,partially_vaccinated,7,42,307273,2.28,NA,CHFL,COVID19Hosp,vaccine,all,limited,2021-10-11_08-00-56
202110,all,not_vaccinated,143,804,7933242,1.8,NA,CHFL,COVID19Hosp,vaccine,all,limited,2021-10-11_08-00-56
202110,all,unknown,220,1658,NA,NA,NA,CHFL,COVID19Hosp,vaccine,all,limited,2021-10-11_08-00-56
202111,all,fully_vaccinated,7,33,478035,1.46,NA,CHFL,COVID19Hosp,vaccine,all,limited,2021-10-11_08-00-56
202111,all,partially_vaccinated,11,53,311218,3.53,NA,CHFL,COVID19Hosp,vaccine,all,limited,2021-10-11_08-00-56
202111,all,not_vaccinated,165,969,7855527,2.1,NA,CHFL,COVID19Hosp,vaccine,all,limited,2021-10-11_08-00-56
202111,all,unknown,236,1894,NA,NA,NA,CHFL,COVID19Hosp,vaccine,all,limited,2021-10-11_08-00-56
202112,all,fully_vaccinated,6,39,547444,1.1,NA,CHFL,COVID19Hosp,vaccine,all,limited,2021-10-11_08-00-56
202112,all,partially_vaccinated,5,58,355470,1.41,NA,CHFL,COVID19Hosp,vaccine,all,limited,2021-10-11_08-00-56
202112,all,not_vaccinated,204,1173,7741866,2.64,NA,CHFL,COVID19Hosp,vaccine,all,limited,2021-10-11_08-00-56
202112,all,unknown,261,2155,NA,NA,NA,CHFL,COVID19Hosp,vaccine,all,limited,2021-10-11_08-00-56
202113,all,fully_vaccinated,16,55,614037,2.61,NA,CHFL,COVID19Hosp,vaccine,all,limited,2021-10-11_08-00-56
202113,all,partially_vaccinated,8,66,398129,2.01,NA,CHFL,COVID19Hosp,vaccine,all,limited,2021-10-11_08-00-56
202113,all,not_vaccinated,230,1403,7632614,3.01,NA,CHFL,COVID19Hosp,vaccine,all,limited,2021-10-11_08-00-56
202113,all,unknown,286,2441,NA,NA,NA,CHFL,COVID19Hosp,vaccine,all,limited,2021-10-11_08-00-56
202114,all,fully_vaccinated,14,69,701724,2,NA,CHFL,COVID19Hosp,vaccine,all,limited,2021-10-11_08-00-56
202114,all,partially_vaccinated,16,82,434750,3.68,NA,CHFL,COVID19Hosp,vaccine,all,limited,2021-10-11_08-00-56
202114,all,not_vaccinated,220,1623,7508306,2.93,NA,CHFL,COVID19Hosp,vaccine,all,limited,2021-10-11_08-00-56
202114,all,unknown,278,2719,NA,NA,NA,CHFL,COVID19Hosp,vaccine,all,limited,2021-10-11_08-00-56
202115,all,fully_vaccinated,17,86,787026,2.16,NA,CHFL,COVID19Hosp,vaccine,all,limited,2021-10-11_08-00-56
202115,all,partially_vaccinated,10,92,562345,1.78,NA,CHFL,COVID19Hosp,vaccine,all,limited,2021-10-11_08-00-56
202115,all,not_vaccinated,266,1889,7295409,3.65,NA,CHFL,COVID19Hosp,vaccine,all,limited,2021-10-11_08-00-56
202115,all,unknown,208,2927,NA,NA,NA,CHFL,COVID19Hosp,vaccine,all,limited,2021-10-11_08-00-56
202116,all,fully_vaccinated,12,98,897642,1.34,NA,CHFL,COVID19Hosp,vaccine,all,limited,2021-10-11_08-00-56
202116,all,partially_vaccinated,13,105,713151,1.82,NA,CHFL,COVID19Hosp,vaccine,all,limited,2021-10-11_08-00-56
202116,all,not_vaccinated,266,2155,7033987,3.78,NA,CHFL,COVID19Hosp,vaccine,all,limited,2021-10-11_08-00-56
202116,all,unknown,218,3145,NA,NA,NA,CHFL,COVID19Hosp,vaccine,all,limited,2021-10-11_08-00-56
202117,all,fully_vaccinated,13,111,1005936,1.29,NA,CHFL,COVID19Hosp,vaccine,all,limited,2021-10-11_08-00-56
202117,all,partially_vaccinated,15,120,891917,1.68,NA,CHFL,COVID19Hosp,vaccine,all,limited,2021-10-11_08-00-56
202117,all,not_vaccinated,257,2412,6746927,3.81,NA,CHFL,COVID19Hosp,vaccine,all,limited,2021-10-11_08-00-56
202117,all,unknown,196,3341,NA,NA,NA,CHFL,COVID19Hosp,vaccine,all,limited,2021-10-11_08-00-56
202118,all,fully_vaccinated,18,129,1142926,1.57,NA,CHFL,COVID19Hosp,vaccine,all,limited,2021-10-11_08-00-56
202118,all,partially_vaccinated,15,135,1079861,1.39,NA,CHFL,COVID19Hosp,vaccine,all,limited,2021-10-11_08-00-56
202118,all,not_vaccinated,203,2615,6421993,3.16,NA,CHFL,COVID19Hosp,vaccine,all,limited,2021-10-11_08-00-56
202118,all,unknown,154,3495,NA,NA,NA,CHFL,COVID19Hosp,vaccine,all,limited,2021-10-11_08-00-56
202119,all,fully_vaccinated,6,135,1334378,0.45,NA,CHFL,COVID19Hosp,vaccine,all,limited,2021-10-11_08-00-56
202119,all,partially_vaccinated,9,144,1176007,0.77,NA,CHFL,COVID19Hosp,vaccine,all,limited,2021-10-11_08-00-56
202119,all,not_vaccinated,147,2762,6134395,2.4,NA,CHFL,COVID19Hosp,vaccine,all,limited,2021-10-11_08-00-56
202119,all,unknown,104,3599,NA,NA,NA,CHFL,COVID19Hosp,vaccine,all,limited,2021-10-11_08-00-56
202120,all,fully_vaccinated,7,142,1599709,0.44,NA,CHFL,COVID19Hosp,vaccine,all,limited,2021-10-11_08-00-56
202120,all,partially_vaccinated,12,156,1229614,0.98,NA,CHFL,COVID19Hosp,vaccine,all,limited,2021-10-11_08-00-56
202120,all,not_vaccinated,162,2924,5815457,2.79,NA,CHFL,COVID19Hosp,vaccine,all,limited,2021-10-11_08-00-56
202120,all,unknown,91,3690,NA,NA,NA,CHFL,COVID19Hosp,vaccine,all,limited,2021-10-11_08-00-56
202121,all,fully_vaccinated,13,155,1874982,0.69,NA,CHFL,COVID19Hosp,vaccine,all,limited,2021-10-11_08-00-56
202121,all,partially_vaccinated,5,161,1248746,0.4,NA,CHFL,COVID19Hosp,vaccine,all,limited,2021-10-11_08-00-56
202121,all,not_vaccinated,75,2999,5521052,1.36,NA,CHFL,COVID19Hosp,vaccine,all,limited,2021-10-11_08-00-56
202121,all,unknown,59,3749,NA,NA,NA,CHFL,COVID19Hosp,vaccine,all,limited,2021-10-11_08-00-56
202122,all,fully_vaccinated,11,166,2188207,0.5,NA,CHFL,COVID19Hosp,vaccine,all,limited,2021-10-11_08-00-56
202122,all,partially_vaccinated,5,166,1275115,0.39,NA,CHFL,COVID19Hosp,vaccine,all,limited,2021-10-11_08-00-56
202122,all,not_vaccinated,76,3075,5181458,1.47,NA,CHFL,COVID19Hosp,vaccine,all,limited,2021-10-11_08-00-56
202122,all,unknown,40,3789,NA,NA,NA,CHFL,COVID19Hosp,vaccine,all,limited,2021-10-11_08-00-56
202123,all,fully_vaccinated,15,181,2495038,0.6,NA,CHFL,COVID19Hosp,vaccine,all,limited,2021-10-11_08-00-56
202123,all,partially_vaccinated,3,169,1325101,0.23,NA,CHFL,COVID19Hosp,vaccine,all,limited,2021-10-11_08-00-56
202123,all,not_vaccinated,36,3111,4824641,0.75,NA,CHFL,COVID19Hosp,vaccine,all,limited,2021-10-11_08-00-56
202123,all,unknown,34,3823,NA,NA,NA,CHFL,COVID19Hosp,vaccine,all,limited,2021-10-11_08-00-56
202124,all,fully_vaccinated,5,186,2809763,0.18,NA,CHFL,COVID19Hosp,vaccine,all,limited,2021-10-11_08-00-56
202124,all,partially_vaccinated,2,171,1320987,0.15,NA,CHFL,COVID19Hosp,vaccine,all,limited,2021-10-11_08-00-56
202124,all,not_vaccinated,33,3144,4514030,0.73,NA,CHFL,COVID19Hosp,vaccine,all,limited,2021-10-11_08-00-56
202124,all,unknown,21,3844,NA,NA,NA,CHFL,COVID19Hosp,vaccine,all,limited,2021-10-11_08-00-56
202125,all,fully_vaccinated,4,190,3117851,0.13,NA,CHFL,COVID19Hosp,vaccine,all,limited,2021-10-11_08-00-56
202125,all,partially_vaccinated,0,171,1245203,0,NA,CHFL,COVID19Hosp,vaccine,all,limited,2021-10-11_08-00-56
202125,all,not_vaccinated,20,3164,4281726,0.47,NA,CHFL,COVID19Hosp,vaccine,all,limited,2021-10-11_08-00-56
202125,all,unknown,18,3862,NA,NA,NA,CHFL,COVID19Hosp,vaccine,all,limited,2021-10-11_08-00-56
202126,all,fully_vaccinated,3,193,3452052,0.09,NA,CHFL,COVID19Hosp,vaccine,all,intermediate,2021-10-11_08-00-56
202126,all,partially_vaccinated,1,172,1039360,0.1,NA,CHFL,COVID19Hosp,vaccine,all,intermediate,2021-10-11_08-00-56
202126,all,not_vaccinated,8,3172,4153368,0.19,NA,CHFL,COVID19Hosp,vaccine,all,intermediate,2021-10-11_08-00-56
202126,all,unknown,11,3873,NA,NA,NA,CHFL,COVID19Hosp,vaccine,all,intermediate,2021-10-11_08-00-56
202127,all,fully_vaccinated,0,193,3788129,0,NA,CHFL,COVID19Hosp,vaccine,all,intermediate,2021-10-11_08-00-56
202127,all,partially_vaccinated,0,172,790376,0,NA,CHFL,COVID19Hosp,vaccine,all,intermediate,2021-10-11_08-00-56
202127,all,not_vaccinated,21,3193,4066275,0.52,NA,CHFL,COVID19Hosp,vaccine,all,intermediate,2021-10-11_08-00-56
202127,all,unknown,7,3880,NA,NA,NA,CHFL,COVID19Hosp,vaccine,all,intermediate,2021-10-11_08-00-56
202128,all,fully_vaccinated,7,200,4084900,0.17,NA,CHFL,COVID19Hosp,vaccine,all,intermediate,2021-10-11_08-00-56
202128,all,partially_vaccinated,2,174,568722,0.35,NA,CHFL,COVID19Hosp,vaccine,all,intermediate,2021-10-11_08-00-56
202128,all,not_vaccinated,42,3235,3991158,1.05,NA,CHFL,COVID19Hosp,vaccine,all,intermediate,2021-10-11_08-00-56
202128,all,unknown,10,3890,NA,NA,NA,CHFL,COVID19Hosp,vaccine,all,intermediate,2021-10-11_08-00-56
202129,all,fully_vaccinated,14,214,4313476,0.32,NA,CHFL,COVID19Hosp,vaccine,all,intermediate,2021-10-11_08-00-56
202129,all,partially_vaccinated,0,174,411295,0,NA,CHFL,COVID19Hosp,vaccine,all,intermediate,2021-10-11_08-00-56
202129,all,not_vaccinated,55,3290,3920009,1.4,NA,CHFL,COVID19Hosp,vaccine,all,intermediate,2021-10-11_08-00-56
202129,all,unknown,17,3907,NA,NA,NA,CHFL,COVID19Hosp,vaccine,all,intermediate,2021-10-11_08-00-56
202130,all,fully_vaccinated,13,227,4439140,0.29,NA,CHFL,COVID19Hosp,vaccine,all,intermediate,2021-10-11_08-00-56
202130,all,partially_vaccinated,0,174,352580,0,NA,CHFL,COVID19Hosp,vaccine,all,intermediate,2021-10-11_08-00-56
202130,all,not_vaccinated,87,3377,3853060,2.26,NA,CHFL,COVID19Hosp,vaccine,all,intermediate,2021-10-11_08-00-56
202130,all,unknown,22,3929,NA,NA,NA,CHFL,COVID19Hosp,vaccine,all,intermediate,2021-10-11_08-00-56
202131,all,fully_vaccinated,15,242,4525728,0.33,NA,CHFL,COVID19Hosp,vaccine,all,intermediate,2021-10-11_08-00-56
202131,all,partially_vaccinated,2,176,320607,0.62,NA,CHFL,COVID19Hosp,vaccine,all,intermediate,2021-10-11_08-00-56
202131,all,not_vaccinated,123,3500,3798445,3.24,NA,CHFL,COVID19Hosp,vaccine,all,intermediate,2021-10-11_08-00-56
202131,all,unknown,28,3957,NA,NA,NA,CHFL,COVID19Hosp,vaccine,all,intermediate,2021-10-11_08-00-56
202132,all,fully_vaccinated,33,275,4602866,0.72,NA,CHFL,COVID19Hosp,vaccine,all,intermediate,2021-10-11_08-00-56
202132,all,partially_vaccinated,7,183,306986,2.28,NA,CHFL,COVID19Hosp,vaccine,all,intermediate,2021-10-11_08-00-56
202132,all,not_vaccinated,276,3776,3734928,7.39,NA,CHFL,COVID19Hosp,vaccine,all,intermediate,2021-10-11_08-00-56
202132,all,unknown,30,3987,NA,NA,NA,CHFL,COVID19Hosp,vaccine,all,intermediate,2021-10-11_08-00-56
202133,all,fully_vaccinated,55,330,4679614,1.18,NA,CHFL,COVID19Hosp,vaccine,all,intermediate,2021-10-11_08-00-56
202133,all,partially_vaccinated,3,186,303779,0.99,NA,CHFL,COVID19Hosp,vaccine,all,intermediate,2021-10-11_08-00-56
202133,all,not_vaccinated,360,4136,3661387,9.83,NA,CHFL,COVID19Hosp,vaccine,all,intermediate,2021-10-11_08-00-56
202133,all,unknown,80,4067,NA,NA,NA,CHFL,COVID19Hosp,vaccine,all,intermediate,2021-10-11_08-00-56
202134,all,fully_vaccinated,42,372,4754564,0.88,NA,CHFL,COVID19Hosp,vaccine,all,intermediate,2021-10-11_08-00-56
202134,all,partially_vaccinated,5,191,322082,1.55,NA,CHFL,COVID19Hosp,vaccine,all,intermediate,2021-10-11_08-00-56
202134,all,not_vaccinated,343,4479,3568134,9.61,NA,CHFL,COVID19Hosp,vaccine,all,intermediate,2021-10-11_08-00-56
202134,all,unknown,81,4148,NA,NA,NA,CHFL,COVID19Hosp,vaccine,all,intermediate,2021-10-11_08-00-56
202135,all,fully_vaccinated,43,415,4816411,0.89,NA,CHFL,COVID19Hosp,vaccine,all,intermediate,2021-10-11_08-00-56
202135,all,partially_vaccinated,5,196,363194,1.38,NA,CHFL,COVID19Hosp,vaccine,all,intermediate,2021-10-11_08-00-56
202135,all,not_vaccinated,294,4773,3465175,8.48,NA,CHFL,COVID19Hosp,vaccine,all,intermediate,2021-10-11_08-00-56
202135,all,unknown,56,4204,NA,NA,NA,CHFL,COVID19Hosp,vaccine,all,intermediate,2021-10-11_08-00-56
202136,all,fully_vaccinated,47,462,4888864,0.96,NA,CHFL,COVID19Hosp,vaccine,all,intermediate,2021-10-11_08-00-56
202136,all,partially_vaccinated,3,199,424107,0.71,NA,CHFL,COVID19Hosp,vaccine,all,intermediate,2021-10-11_08-00-56
202136,all,not_vaccinated,246,5019,3331809,7.38,NA,CHFL,COVID19Hosp,vaccine,all,intermediate,2021-10-11_08-00-56
202136,all,unknown,52,4256,NA,NA,NA,CHFL,COVID19Hosp,vaccine,all,intermediate,2021-10-11_08-00-56
202137,all,fully_vaccinated,53,515,4977409,1.06,NA,CHFL,COVID19Hosp,vaccine,all,intermediate,2021-10-11_08-00-56
202137,all,partially_vaccinated,7,206,485467,1.44,NA,CHFL,COVID19Hosp,vaccine,all,intermediate,2021-10-11_08-00-56
202137,all,not_vaccinated,218,5237,3181904,6.85,NA,CHFL,COVID19Hosp,vaccine,all,intermediate,2021-10-11_08-00-56
202137,all,unknown,36,4292,NA,NA,NA,CHFL,COVID19Hosp,vaccine,all,intermediate,2021-10-11_08-00-56
202138,all,fully_vaccinated,48,563,5073885,0.95,NA,CHFL,COVID19Hosp,vaccine,all,intermediate,2021-10-11_08-00-56
202138,all,partially_vaccinated,4,210,499903,0.8,NA,CHFL,COVID19Hosp,vaccine,all,intermediate,2021-10-11_08-00-56
202138,all,not_vaccinated,164,5401,3070992,5.34,NA,CHFL,COVID19Hosp,vaccine,all,intermediate,2021-10-11_08-00-56
202138,all,unknown,33,4325,NA,NA,NA,CHFL,COVID19Hosp,vaccine,all,intermediate,2021-10-11_08-00-56
202139,all,fully_vaccinated,28,591,5173479,0.54,NA,CHFL,COVID19Hosp,vaccine,all,intermediate,2021-10-11_08-00-56
202139,all,partially_vaccinated,4,214,471294,0.85,NA,CHFL,COVID19Hosp,vaccine,all,intermediate,2021-10-11_08-00-56
202139,all,not_vaccinated,117,5518,3000007,3.9,NA,CHFL,COVID19Hosp,vaccine,all,intermediate,2021-10-11_08-00-56
202139,all,unknown,24,4349,NA,NA,NA,CHFL,COVID19Hosp,vaccine,all,intermediate,2021-10-11_08-00-56
202140,all,fully_vaccinated,26,617,5290777,0.49,NA,CHFL,COVID19Hosp,vaccine,all,intermediate,2021-10-11_08-00-56
202140,all,partially_vaccinated,4,218,405799,0.99,NA,CHFL,COVID19Hosp,vaccine,all,intermediate,2021-10-11_08-00-56
202140,all,not_vaccinated,62,5580,2948204,2.1,NA,CHFL,COVID19Hosp,vaccine,all,intermediate,2021-10-11_08-00-56
202140,all,unknown,10,4359,NA,NA,NA,CHFL,COVID19Hosp,vaccine,all,intermediate,2021-10-11_08-00-56