,month_number,year,month,state,end_date,new_deaths_per_month,new_cases_per_month
0,0,2020,1,New York,2020-01-31,0,0
1,1,2020,2,New York,2020-02-29,0,0
2,2,2020,3,New York,2020-03-31,211,32656
3,3,2020,4,New York,2020-04-30,5134,104238
4,4,2020,5,New York,2020-05-31,2785,30573
5,5,2020,6,New York,2020-06-30,550,10808
6,6,2020,7,New York,2020-07-31,161,11591
7,7,2020,8,New York,2020-08-31,111,10653
8,8,2020,9,New York,2020-09-30,89,14089
9,9,2020,10,New York,2020-10-31,222,29663
10,10,2020,11,New York,2020-11-30,739,91730
11,11,2020,12,New York,2020-12-31,2564,212153
12,12,2021,1,New York,2021-01-31,3654,263125
13,13,2021,2,New York,2021-02-28,1783,107667
14,14,2021,3,New York,2021-03-31,781,107227
15,15,2021,4,New York,2021-04-30,625,92985
16,16,2021,5,New York,2021-05-31,371,32062
17,17,2021,6,New York,2021-06-30,150,6255
18,18,2021,7,New York,2021-07-31,55,15309
19,19,2021,8,New York,2021-08-31,305,70452
20,20,2021,9,New York,2021-09-30,678,97576
21,0,2020,1,Maine,2020-01-31,0,0
22,1,2020,2,Maine,2020-02-29,0,0
23,2,2020,3,Maine,2020-03-31,5,303
24,3,2020,4,Maine,2020-04-30,50,820
25,4,2020,5,Maine,2020-05-31,34,1226
26,5,2020,6,Maine,2020-06-30,16,945
27,6,2020,7,Maine,2020-07-31,18,643
28,7,2020,8,Maine,2020-08-31,9,611
29,8,2020,9,Maine,2020-09-30,10,883
30,9,2020,10,Maine,2020-10-31,5,1237
31,10,2020,11,Maine,2020-11-30,67,5308
32,11,2020,12,Maine,2020-12-31,133,12225
33,12,2021,1,Maine,2021-01-31,248,15341
34,13,2021,2,Maine,2021-02-28,108,5221
35,14,2021,3,Maine,2021-03-31,40,6025
36,15,2021,4,Maine,2021-04-30,41,10742
37,16,2021,5,Maine,2021-05-31,41,6289
38,17,2021,6,Maine,2021-06-30,34,1235
39,18,2021,7,Maine,2021-07-31,41,1409
40,19,2021,8,Maine,2021-08-31,34,5826
41,20,2021,9,Maine,2021-09-30,90,14438
42,0,2020,1,Kansas,2020-01-31,0,0
43,1,2020,2,Kansas,2020-02-29,0,0
44,2,2020,3,Kansas,2020-03-31,9,428
45,3,2020,4,Kansas,2020-04-30,120,3810
46,4,2020,5,Kansas,2020-05-31,79,5481
47,5,2020,6,Kansas,2020-06-30,62,4724
48,6,2020,7,Kansas,2020-07-31,88,13369
49,7,2020,8,Kansas,2020-08-31,88,14800
50,8,2020,9,Kansas,2020-09-30,232,17137
51,9,2020,10,Kansas,2020-10-31,351,25432
52,10,2020,11,Kansas,2020-11-30,531,72265
53,11,2020,12,Kansas,2020-12-31,1181,64987
54,12,2021,1,Kansas,2021-01-31,1038,52252
55,13,2021,2,Kansas,2021-02-28,956,18978
56,14,2021,3,Kansas,2021-03-31,178,8709
57,15,2021,4,Kansas,2021-04-30,69,6758
58,16,2021,5,Kansas,2021-05-31,94,5182
59,17,2021,6,Kansas,2021-06-30,80,3794
60,18,2021,7,Kansas,2021-07-31,102,15394
61,19,2021,8,Kansas,2021-08-31,299,37573
62,20,2021,9,Kansas,2021-09-30,494,39045
63,0,2020,1,Idaho,2020-01-31,0,0
64,1,2020,2,Idaho,2020-02-29,0,0
65,2,2020,3,Idaho,2020-03-31,9,525
66,3,2020,4,Idaho,2020-04-30,54,1490
67,4,2020,5,Idaho,2020-05-31,19,824
68,5,2020,6,Idaho,2020-06-30,10,3278
69,6,2020,7,Idaho,2020-07-31,97,14604
70,7,2020,8,Idaho,2020-08-31,172,11367
71,8,2020,9,Idaho,2020-09-30,108,9960
72,9,2020,10,Idaho,2020-10-31,160,22560
73,10,2020,11,Idaho,2020-11-30,300,37090
74,11,2020,12,Idaho,2020-12-31,507,39379
75,12,2021,1,Idaho,2021-01-31,289,21606
76,13,2021,2,Idaho,2021-02-28,135,8457
77,14,2021,3,Idaho,2021-03-31,102,9396
78,15,2021,4,Idaho,2021-04-30,84,7120
79,16,2021,5,Idaho,2021-05-31,44,4422
80,17,2021,6,Idaho,2021-06-30,62,2920
81,18,2021,7,Idaho,2021-07-31,47,5775
82,19,2021,8,Idaho,2021-08-31,164,20616
83,20,2021,9,Idaho,2021-09-30,544,35933
84,0,2020,1,New Mexico,2020-01-31,0,0
85,1,2020,2,New Mexico,2020-02-29,0,0
86,2,2020,3,New Mexico,2020-03-31,6,315
87,3,2020,4,New Mexico,2020-04-30,156,3096
88,4,2020,5,New Mexico,2020-05-31,252,4278
89,5,2020,6,New Mexico,2020-06-30,123,4458
90,6,2020,7,New Mexico,2020-07-31,165,8453
91,7,2020,8,New Mexico,2020-08-31,116,4752
92,8,2020,9,New Mexico,2020-09-30,63,4083
93,9,2020,10,New Mexico,2020-10-31,196,17055
94,10,2020,11,New Mexico,2020-11-30,863,50605
95,11,2020,12,New Mexico,2020-12-31,1087,45769
96,12,2021,1,New Mexico,2021-01-31,704,31200
97,13,2021,2,New Mexico,2021-02-28,303,11068
98,14,2021,3,New Mexico,2021-03-31,146,6520
99,15,2021,4,New Mexico,2021-04-30,74,6081
100,16,2021,5,New Mexico,2021-05-31,85,5415
101,17,2021,6,New Mexico,2021-06-30,56,2394
102,18,2021,7,New Mexico,2021-07-31,47,5232
103,19,2021,8,New Mexico,2021-08-31,198,21840
104,20,2021,9,New Mexico,2021-09-30,221,20410
105,0,2020,1,Virginia,2020-01-31,0,0
106,1,2020,2,Virginia,2020-02-29,0,0
107,2,2020,3,Virginia,2020-03-31,34,1484
108,3,2020,4,Virginia,2020-04-30,547,15417
109,4,2020,5,Virginia,2020-05-31,811,28497
110,5,2020,6,Virginia,2020-06-30,371,17389
111,6,2020,7,Virginia,2020-07-31,452,28014
112,7,2020,8,Virginia,2020-08-31,397,30814
113,8,2020,9,Virginia,2020-09-30,616,27106
114,9,2020,10,Virginia,2020-10-31,427,33672
115,10,2020,11,Virginia,2020-11-30,438,57671
116,11,2020,12,Virginia,2020-12-31,988,114703
117,12,2021,1,Virginia,2021-01-31,1393,152873
118,13,2021,2,Virginia,2021-02-28,2309,69534
119,14,2021,3,Virginia,2021-03-31,1486,43628
120,15,2021,4,Virginia,2021-04-30,508,39751
121,16,2021,5,Virginia,2021-05-31,417,15044
122,17,2021,6,Virginia,2021-06-30,225,4967
123,18,2021,7,Virginia,2021-07-31,115,16302
124,19,2021,8,Virginia,2021-08-31,327,72976
125,20,2021,9,Virginia,2021-09-30,945,99486
126,0,2020,1,Tennessee,2020-01-31,0,0
127,1,2020,2,Tennessee,2020-02-29,0,0
128,2,2020,3,Tennessee,2020-03-31,28,3232
129,3,2020,4,Tennessee,2020-04-30,195,9451
130,4,2020,5,Tennessee,2020-05-31,204,12270
131,5,2020,6,Tennessee,2020-06-30,211,24872
132,6,2020,7,Tennessee,2020-07-31,563,59615
133,7,2020,8,Tennessee,2020-08-31,731,46034
134,8,2020,9,Tennessee,2020-09-30,693,42314
135,9,2020,10,Tennessee,2020-10-31,980,70566
136,10,2020,11,Tennessee,2020-11-30,1549,127145
137,11,2020,12,Tennessee,2020-12-31,2623,210511
138,12,2021,1,Tennessee,2021-01-31,2782,127788
139,13,2021,2,Tennessee,2021-02-28,919,43812
140,14,2021,3,Tennessee,2021-03-31,437,34818
141,15,2021,4,Tennessee,2021-04-30,301,32234
142,16,2021,5,Tennessee,2021-05-31,259,16661
143,17,2021,6,Tennessee,2021-06-30,133,5615
144,18,2021,7,Tennessee,2021-07-31,213,32944
145,19,2021,8,Tennessee,2021-08-31,942,179892
146,20,2021,9,Tennessee,2021-09-30,1509,152944
147,0,2020,1,Wyoming,2020-01-31,0,0
148,1,2020,2,Wyoming,2020-02-29,0,0
149,2,2020,3,Wyoming,2020-03-31,0,120
150,3,2020,4,Wyoming,2020-04-30,7,439
151,4,2020,5,Wyoming,2020-05-31,10,344
152,5,2020,6,Wyoming,2020-06-30,3,584
153,6,2020,7,Wyoming,2020-07-31,6,1239
154,7,2020,8,Wyoming,2020-08-31,11,1116
155,8,2020,9,Wyoming,2020-09-30,13,2106
156,9,2020,10,Wyoming,2020-10-31,37,7350
157,10,2020,11,Wyoming,2020-11-30,128,20007
158,11,2020,12,Wyoming,2020-12-31,223,11104
159,12,2021,1,Wyoming,2021-01-31,158,7503
160,13,2021,2,Wyoming,2021-02-28,75,2482
161,14,2021,3,Wyoming,2021-03-31,29,1916
162,15,2021,4,Wyoming,2021-04-30,7,1832
163,16,2021,5,Wyoming,2021-05-31,12,2164
164,17,2021,6,Wyoming,2021-06-30,28,1984
165,18,2021,7,Wyoming,2021-07-31,29,2949
166,19,2021,8,Wyoming,2021-08-31,82,9897
167,20,2021,9,Wyoming,2021-09-30,138,15466
168,0,2020,1,Michigan,2020-01-31,0,0
169,1,2020,2,Michigan,2020-02-29,0,0
170,2,2020,3,Michigan,2020-03-31,558,19903
171,3,2020,4,Michigan,2020-04-30,3944,34532
172,4,2020,5,Michigan,2020-05-31,1430,43686
173,5,2020,6,Michigan,2020-06-30,377,27082
174,6,2020,7,Michigan,2020-07-31,236,41363
175,7,2020,8,Michigan,2020-08-31,290,39178
176,8,2020,9,Michigan,2020-09-30,290,36796
177,9,2020,10,Michigan,2020-10-31,672,66505
178,10,2020,11,Michigan,2020-11-30,2377,173167
179,11,2020,12,Michigan,2020-12-31,3642,107516
180,12,2021,1,Michigan,2021-01-31,2008,63934
181,13,2021,2,Michigan,2021-02-28,820,34918
182,14,2021,3,Michigan,2021-03-31,661,110358
183,15,2021,4,Michigan,2021-04-30,1862,157899
184,16,2021,5,Michigan,2021-05-31,1440,39926
185,17,2021,6,Michigan,2021-06-30,438,6259
186,18,2021,7,Michigan,2021-07-31,160,13080
187,19,2021,8,Michigan,2021-08-31,357,46562
188,20,2021,9,Michigan,2021-09-30,803,91984
189,0,2020,1,Indiana,2020-01-31,0,0
190,1,2020,2,Indiana,2020-02-29,0,0
191,2,2020,3,Indiana,2020-03-31,124,2159
192,3,2020,4,Indiana,2020-04-30,1167,15676
193,4,2020,5,Indiana,2020-05-31,1007,16739
194,5,2020,6,Indiana,2020-06-30,475,11020
195,6,2020,7,Indiana,2020-07-31,329,20560
196,7,2020,8,Indiana,2020-08-31,390,28042
197,8,2020,9,Indiana,2020-09-30,392,25823
198,9,2020,10,Indiana,2020-10-31,882,59339
199,10,2020,11,Indiana,2020-11-30,1992,159628
200,11,2020,12,Indiana,2020-12-31,3095,172712
201,12,2021,1,Indiana,2021-01-31,2201,115569
202,13,2021,2,Indiana,2021-02-28,772,35331
203,14,2021,3,Indiana,2021-03-31,336,25339
204,15,2021,4,Indiana,2021-04-30,246,32488
205,16,2021,5,Indiana,2021-05-31,312,23723
206,17,2021,6,Indiana,2021-06-30,198,9779
207,18,2021,7,Indiana,2021-07-31,150,18304
208,19,2021,8,Indiana,2021-08-31,596,86335
209,20,2021,9,Indiana,2021-09-30,1181,104242
210,0,2020,1,Washington,2020-01-31,0,1
211,1,2020,2,Washington,2020-02-29,1,0
212,2,2020,3,Washington,2020-03-31,194,5340
213,3,2020,4,Washington,2020-04-30,619,9067
214,4,2020,5,Washington,2020-05-31,304,7353
215,5,2020,6,Washington,2020-06-30,214,11065
216,6,2020,7,Washington,2020-07-31,232,23919
217,7,2020,8,Washington,2020-08-31,351,18469
218,8,2020,9,Washington,2020-09-30,211,13687
219,9,2020,10,Washington,2020-10-31,240,21135
220,10,2020,11,Washington,2020-11-30,408,59558
221,11,2020,12,Washington,2020-12-31,687,76819
222,12,2021,1,Washington,2021-01-31,824,66279
223,13,2021,2,Washington,2021-02-28,671,27424
224,14,2021,3,Washington,2021-03-31,291,24184
225,15,2021,4,Washington,2021-04-30,252,38608
226,16,2021,5,Washington,2021-05-31,266,33767
227,17,2021,6,Washington,2021-06-30,165,14920
228,18,2021,7,Washington,2021-07-31,193,23551
229,19,2021,8,Washington,2021-08-31,451,87895
230,20,2021,9,Washington,2021-09-30,1152,94585
231,0,2020,1,Oklahoma,2020-01-31,0,0
232,1,2020,2,Oklahoma,2020-02-29,0,28
233,2,2020,3,Oklahoma,2020-03-31,31,1627
234,3,2020,4,Oklahoma,2020-04-30,209,2789
235,4,2020,5,Oklahoma,2020-05-31,124,2983
236,5,2020,6,Oklahoma,2020-06-30,74,11587
237,6,2020,7,Oklahoma,2020-07-31,229,23629
238,7,2020,8,Oklahoma,2020-08-31,361,20734
239,8,2020,9,Oklahoma,2020-09-30,346,30917
240,9,2020,10,Oklahoma,2020-10-31,572,39651
241,10,2020,11,Oklahoma,2020-11-30,1002,85987
242,11,2020,12,Oklahoma,2020-12-31,1616,105592
243,12,2021,1,Oklahoma,2021-01-31,1678,83375
244,13,2021,2,Oklahoma,2021-02-28,671,24269
245,14,2021,3,Oklahoma,2021-03-31,237,9213
246,15,2021,4,Oklahoma,2021-04-30,106,6789
247,16,2021,5,Oklahoma,2021-05-31,60,4072
248,17,2021,6,Oklahoma,2021-06-30,77,4938
249,18,2021,7,Oklahoma,2021-07-31,122,26187
250,19,2021,8,Oklahoma,2021-08-31,541,70129
251,20,2021,9,Oklahoma,2021-09-30,953,60721
252,0,2020,1,Louisiana,2020-01-31,0,0
253,1,2020,2,Louisiana,2020-02-29,0,0
254,2,2020,3,Louisiana,2020-03-31,239,5237
255,3,2020,4,Louisiana,2020-04-30,1666,22807
256,4,2020,5,Louisiana,2020-05-31,886,11872
257,5,2020,6,Louisiana,2020-06-30,430,18179
258,6,2020,7,Louisiana,2020-07-31,728,58185
259,7,2020,8,Louisiana,2020-08-31,1001,32614
260,8,2020,9,Louisiana,2020-09-30,561,18564
261,9,2020,10,Louisiana,2020-10-31,408,19191
262,10,2020,11,Louisiana,2020-11-30,501,45765
263,11,2020,12,Louisiana,2020-12-31,1068,82861
264,12,2021,1,Louisiana,2021-01-31,1371,85351
265,13,2021,2,Louisiana,2021-02-28,749,29474
266,14,2021,3,Louisiana,2021-03-31,533,14833
267,15,2021,4,Louisiana,2021-04-30,241,13648
268,16,2021,5,Louisiana,2021-05-31,194,12836
269,17,2021,6,Louisiana,2021-06-30,162,10050
270,18,2021,7,Louisiana,2021-07-31,270,63914
271,19,2021,8,Louisiana,2021-08-31,1527,144319
272,20,2021,9,Louisiana,2021-09-30,1414,50833
273,0,2020,1,Utah,2020-01-31,0,0
274,1,2020,2,Utah,2020-02-29,0,0
275,2,2020,3,Utah,2020-03-31,5,934
276,3,2020,4,Utah,2020-04-30,41,3819
277,4,2020,5,Utah,2020-05-31,67,5191
278,5,2020,6,Utah,2020-06-30,60,12802
279,6,2020,7,Utah,2020-07-31,134,18051
280,7,2020,8,Utah,2020-08-31,101,11995
281,8,2020,9,Utah,2020-09-30,51,20250
282,9,2020,10,Utah,2020-10-31,145,41614
283,10,2020,11,Utah,2020-11-30,267,81050
284,11,2020,12,Utah,2020-12-31,398,80906
285,12,2021,1,Utah,2021-01-31,396,70012
286,13,2021,2,Utah,2021-02-28,270,24611
287,14,2021,3,Utah,2021-03-31,187,14406
288,15,2021,4,Utah,2021-04-30,80,11682
289,16,2021,5,Utah,2021-05-31,100,8847
290,17,2021,6,Utah,2021-06-30,69,8969
291,18,2021,7,Utah,2021-07-31,85,18076
292,19,2021,8,Utah,2021-08-31,178,31207
293,20,2021,9,Utah,2021-09-30,298,44072
294,0,2020,1,Oregon,2020-01-31,0,0
295,1,2020,2,Oregon,2020-02-29,0,1
296,2,2020,3,Oregon,2020-03-31,18,689
297,3,2020,4,Oregon,2020-04-30,85,1820
298,4,2020,5,Oregon,2020-05-31,50,1733
299,5,2020,6,Oregon,2020-06-30,54,4413
300,6,2020,7,Oregon,2020-07-31,115,9837
301,7,2020,8,Oregon,2020-08-31,137,8220
302,8,2020,9,Oregon,2020-09-30,100,6796
303,9,2020,10,Oregon,2020-10-31,130,11412
304,10,2020,11,Oregon,2020-11-30,223,30510
305,11,2020,12,Oregon,2020-12-31,565,38478
306,12,2021,1,Oregon,2021-01-31,480,28507
307,13,2021,2,Oregon,2021-02-28,251,13181
308,14,2021,3,Oregon,2021-03-31,175,9415
309,15,2021,4,Oregon,2021-04-30,112,19800
310,16,2021,5,Oregon,2021-05-31,176,16663
311,17,2021,6,Oregon,2021-06-30,103,7162
312,18,2021,7,Oregon,2021-07-31,85,11799
313,19,2021,8,Oregon,2021-08-31,339,55851
314,20,2021,9,Oregon,2021-09-30,593,53767
315,0,2020,1,Missouri,2020-01-31,0,0
316,1,2020,2,Missouri,2020-02-29,0,0
317,2,2020,3,Missouri,2020-03-31,32,2558
318,3,2020,4,Missouri,2020-04-30,446,6142
319,4,2020,5,Missouri,2020-05-31,418,5393
320,5,2020,6,Missouri,2020-06-30,213,11267
321,6,2020,7,Missouri,2020-07-31,286,30375
322,7,2020,8,Missouri,2020-08-31,486,35304
323,8,2020,9,Missouri,2020-09-30,644,46213
324,9,2020,10,Missouri,2020-10-31,980,65625
325,10,2020,11,Missouri,2020-11-30,1599,135242
326,11,2020,12,Missouri,2020-12-31,1752,111450
327,12,2021,1,Missouri,2021-01-31,1249,76800
328,13,2021,2,Missouri,2021-02-28,463,24690
329,14,2021,3,Missouri,2021-03-31,236,17032
330,15,2021,4,Missouri,2021-04-30,155,17582
331,16,2021,5,Missouri,2021-05-31,121,14044
332,17,2021,6,Missouri,2021-06-30,235,20308
333,18,2021,7,Missouri,2021-07-31,352,61493
334,19,2021,8,Missouri,2021-08-31,955,79045
335,20,2021,9,Missouri,2021-09-30,893,61059
336,0,2020,1,Pennsylvania,2020-01-31,0,0
337,1,2020,2,Pennsylvania,2020-02-29,0,0
338,2,2020,3,Pennsylvania,2020-03-31,63,4959
339,3,2020,4,Pennsylvania,2020-04-30,2229,43175
340,4,2020,5,Pennsylvania,2020-05-31,3275,27806
341,5,2020,6,Pennsylvania,2020-06-30,1120,15114
342,6,2020,7,Pennsylvania,2020-07-31,517,26017
343,7,2020,8,Pennsylvania,2020-08-31,469,22644
344,8,2020,9,Pennsylvania,2020-09-30,469,25399
345,9,2020,10,Pennsylvania,2020-10-31,670,49597
346,10,2020,11,Pennsylvania,2020-11-30,1571,154983
347,11,2020,12,Pennsylvania,2020-12-31,5595,278875
348,12,2021,1,Pennsylvania,2021-01-31,5624,202380
349,13,2021,2,Pennsylvania,2021-02-28,2419,86864
350,14,2021,3,Pennsylvania,2021-03-31,1072,93719
351,15,2021,4,Pennsylvania,2021-04-30,1125,125866
352,16,2021,5,Pennsylvania,2021-05-31,996,50716
353,17,2021,6,Pennsylvania,2021-06-30,464,9420
354,18,2021,7,Pennsylvania,2021-07-31,174,13522
355,19,2021,8,Pennsylvania,2021-08-31,383,69312
356,20,2021,9,Pennsylvania,2021-09-30,1165,129572
357,0,2020,1,Ohio,2020-01-31,0,0
358,1,2020,2,Ohio,2020-02-29,0,0
359,2,2020,3,Ohio,2020-03-31,55,2199
360,3,2020,4,Ohio,2020-04-30,920,15828
361,4,2020,5,Ohio,2020-05-31,1180,17486
362,5,2020,6,Ohio,2020-06-30,708,16276
363,6,2020,7,Ohio,2020-07-31,626,39370
364,7,2020,8,Ohio,2020-08-31,649,31998
365,8,2020,9,Ohio,2020-09-30,666,30830
366,9,2020,10,Ohio,2020-10-31,497,61710
367,10,2020,11,Ohio,2020-11-30,1128,205366
368,11,2020,12,Ohio,2020-12-31,2533,279317
369,12,2021,1,Ohio,2021-01-31,2213,195412
370,13,2021,2,Ohio,2021-02-28,6122,71630
371,14,2021,3,Ohio,2021-03-31,1314,50144
372,15,2021,4,Ohio,2021-04-30,673,54746
373,16,2021,5,Ohio,2021-05-31,577,29932
374,17,2021,6,Ohio,2021-06-30,448,9080
375,18,2021,7,Ohio,2021-07-31,183,17953
376,19,2021,8,Ohio,2021-08-31,374,91623
377,20,2021,9,Ohio,2021-09-30,1079,193072
378,0,2020,1,Massachusetts,2020-01-31,0,0
379,1,2020,2,Massachusetts,2020-02-29,0,1
380,2,2020,3,Massachusetts,2020-03-31,155,6619
381,3,2020,4,Massachusetts,2020-04-30,3970,55585
382,4,2020,5,Massachusetts,2020-05-31,3114,34760
383,5,2020,6,Massachusetts,2020-06-30,887,6736
384,6,2020,7,Massachusetts,2020-07-31,500,6086
385,7,2020,8,Massachusetts,2020-08-31,442,8997
386,8,2020,9,Massachusetts,2020-09-30,418,13332
387,9,2020,10,Massachusetts,2020-10-31,542,26460
388,10,2020,11,Massachusetts,2020-11-30,820,67556
389,11,2020,12,Massachusetts,2020-12-31,1765,149046
390,12,2021,1,Massachusetts,2021-01-31,2219,148847
391,13,2021,2,Massachusetts,2021-02-28,1387,57123
392,14,2021,3,Massachusetts,2021-03-31,1024,54432
393,15,2021,4,Massachusetts,2021-04-30,367,53393
394,16,2021,5,Massachusetts,2021-05-31,262,18064
395,17,2021,6,Massachusetts,2021-06-30,122,2929
396,18,2021,7,Massachusetts,2021-07-31,88,10515
397,19,2021,8,Massachusetts,2021-08-31,164,39388
398,20,2021,9,Massachusetts,2021-09-30,381,52082
399,0,2020,1,South Dakota,2020-01-31,0,0
400,1,2020,2,South Dakota,2020-02-29,0,0
401,2,2020,3,South Dakota,2020-03-31,1,108
402,3,2020,4,South Dakota,2020-04-30,16,2341
403,4,2020,5,South Dakota,2020-05-31,45,2544
404,5,2020,6,South Dakota,2020-06-30,29,1771
405,6,2020,7,South Dakota,2020-07-31,39,2000
406,7,2020,8,South Dakota,2020-08-31,37,4745
407,8,2020,9,South Dakota,2020-09-30,56,8880
408,9,2020,10,South Dakota,2020-10-31,202,23603
409,10,2020,11,South Dakota,2020-11-30,521,34472
410,11,2020,12,South Dakota,2020-12-31,542,18700
411,12,2021,1,South Dakota,2021-01-31,290,9086
412,13,2021,2,South Dakota,2021-02-28,110,4177
413,14,2021,3,South Dakota,2021-03-31,47,5332
414,15,2021,4,South Dakota,2021-04-30,32,4901
415,16,2021,5,South Dakota,2021-05-31,47,1531
416,17,2021,6,South Dakota,2021-06-30,21,345
417,18,2021,7,South Dakota,2021-07-31,8,839
418,19,2021,8,South Dakota,2021-08-31,26,6884
419,20,2021,9,South Dakota,2021-09-30,73,12759
420,0,2020,1,Kentucky,2020-01-31,0,0
421,1,2020,2,Kentucky,2020-02-29,0,0
422,2,2020,3,Kentucky,2020-03-31,29,841
423,3,2020,4,Kentucky,2020-04-30,243,4206
424,4,2020,5,Kentucky,2020-05-31,238,5422
425,5,2020,6,Kentucky,2020-06-30,174,6605
426,6,2020,7,Kentucky,2020-07-31,212,17388
427,7,2020,8,Kentucky,2020-08-31,309,20444
428,8,2020,9,Kentucky,2020-09-30,307,20616
429,9,2020,10,Kentucky,2020-10-31,542,36944
430,10,2020,11,Kentucky,2020-11-30,1082,77921
431,11,2020,12,Kentucky,2020-12-31,1695,88947
432,12,2021,1,Kentucky,2021-01-31,1301,93620
433,13,2021,2,Kentucky,2021-02-28,598,38927
434,14,2021,3,Kentucky,2021-03-31,221,19548
435,15,2021,4,Kentucky,2021-04-30,152,16226
436,16,2021,5,Kentucky,2021-05-31,157,11451
437,17,2021,6,Kentucky,2021-06-30,109,5594
438,18,2021,7,Kentucky,2021-07-31,129,21220
439,19,2021,8,Kentucky,2021-08-31,620,103141
440,20,2021,9,Kentucky,2021-09-30,967,109252
441,0,2020,1,Florida,2020-01-31,0,0
442,1,2020,2,Florida,2020-02-29,0,0
443,2,2020,3,Florida,2020-03-31,178,6516
444,3,2020,4,Florida,2020-04-30,1301,26981
445,4,2020,5,Florida,2020-05-31,1204,21688
446,5,2020,6,Florida,2020-06-30,1158,101041
447,6,2020,7,Florida,2020-07-31,5239,315422
448,7,2020,8,Florida,2020-08-31,5185,148819
449,8,2020,9,Florida,2020-09-30,2271,77650
450,9,2020,10,Florida,2020-10-31,1573,98401
451,10,2020,11,Florida,2020-11-30,1958,193285
452,11,2020,12,Florida,2020-12-31,3484,328606
453,12,2021,1,Florida,2021-01-31,5473,374412
454,13,2021,2,Florida,2021-02-28,3452,179494
455,14,2021,3,Florida,2021-03-31,1946,151582
456,15,2021,4,Florida,2021-04-30,1583,171161
457,16,2021,5,Florida,2021-05-31,1430,87325
458,17,2021,6,Florida,2021-06-30,898,52669
459,18,2021,7,Florida,2021-07-31,2074,292369
460,19,2021,8,Florida,2021-08-31,9471,640363
461,20,2021,9,Florida,2021-09-30,7356,307538
462,0,2020,1,Arkansas,2020-01-31,0,0
463,1,2020,2,Arkansas,2020-02-29,0,0
464,2,2020,3,Arkansas,2020-03-31,8,560
465,3,2020,4,Arkansas,2020-04-30,53,2695
466,4,2020,5,Arkansas,2020-05-31,72,3998
467,5,2020,6,Arkansas,2020-06-30,137,13524
468,6,2020,7,Arkansas,2020-07-31,183,21734
469,7,2020,8,Arkansas,2020-08-31,344,18713
470,8,2020,9,Arkansas,2020-09-30,572,22473
471,9,2020,10,Arkansas,2020-10-31,556,28493
472,10,2020,11,Arkansas,2020-11-30,577,45169
473,11,2020,12,Arkansas,2020-12-31,1174,67779
474,12,2021,1,Arkansas,2021-01-31,1192,70130
475,13,2021,2,Arkansas,2021-02-28,375,27147
476,14,2021,3,Arkansas,2021-03-31,383,7983
477,15,2021,4,Arkansas,2021-04-30,113,5327
478,16,2021,5,Arkansas,2021-05-31,94,5656
479,17,2021,6,Arkansas,2021-06-30,76,8004
480,18,2021,7,Arkansas,2021-07-31,232,37067
481,19,2021,8,Arkansas,2021-08-31,793,66439
482,20,2021,9,Arkansas,2021-09-30,757,43186
483,0,2020,1,West Virginia,2020-01-31,0,0
484,1,2020,2,West Virginia,2020-02-29,0,0
485,2,2020,3,West Virginia,2020-03-31,1,162
486,3,2020,4,West Virginia,2020-04-30,43,963
487,4,2020,5,West Virginia,2020-05-31,31,885
488,5,2020,6,West Virginia,2020-06-30,18,895
489,6,2020,7,West Virginia,2020-07-31,23,3737
490,7,2020,8,West Virginia,2020-08-31,98,3608
491,8,2020,9,West Virginia,2020-09-30,136,5598
492,9,2020,10,West Virginia,2020-10-31,107,8612
493,10,2020,11,West Virginia,2020-11-30,278,23382
494,11,2020,12,West Virginia,2020-12-31,603,37492
495,12,2021,1,West Virginia,2021-01-31,686,35667
496,13,2021,2,West Virginia,2021-02-28,276,10854
497,14,2021,3,West Virginia,2021-03-31,376,9883
498,15,2021,4,West Virginia,2021-04-30,3,11390
499,16,2021,5,West Virginia,2021-05-31,113,8585
500,17,2021,6,West Virginia,2021-06-30,99,2328
501,18,2021,7,West Virginia,2021-07-31,56,3196
502,19,2021,8,West Virginia,2021-08-31,137,22453
503,20,2021,9,West Virginia,2021-09-30,586,50769
504,0,2020,1,New Hampshire,2020-01-31,0,0
505,1,2020,2,New Hampshire,2020-02-29,0,0
506,2,2020,3,New Hampshire,2020-03-31,3,367
507,3,2020,4,New Hampshire,2020-04-30,69,1779
508,4,2020,5,New Hampshire,2020-05-31,173,2505
509,5,2020,6,New Hampshire,2020-06-30,126,1131
510,6,2020,7,New Hampshire,2020-07-31,44,801
511,7,2020,8,New Hampshire,2020-08-31,17,692
512,8,2020,9,New Hampshire,2020-09-30,7,991
513,9,2020,10,New Hampshire,2020-10-31,44,2818
514,10,2020,11,New Hampshire,2020-11-30,43,9910
515,11,2020,12,New Hampshire,2020-12-31,232,23034
516,12,2021,1,New Hampshire,2021-01-31,299,21667
517,13,2021,2,New Hampshire,2021-02-28,113,9729
518,14,2021,3,New Hampshire,2021-03-31,68,8752
519,15,2021,4,New Hampshire,2021-04-30,65,10710
520,16,2021,5,New Hampshire,2021-05-31,50,3860
521,17,2021,6,New Hampshire,2021-06-30,19,758
522,18,2021,7,New Hampshire,2021-07-31,15,1262
523,19,2021,8,New Hampshire,2021-08-31,30,6923
524,20,2021,9,New Hampshire,2021-09-30,64,12579
525,0,2020,1,Colorado,2020-01-31,0,0
526,1,2020,2,Colorado,2020-02-29,0,0
527,2,2020,3,Colorado,2020-03-31,69,2937
528,3,2020,4,Colorado,2020-04-30,708,12900
529,4,2020,5,Colorado,2020-05-31,668,10924
530,5,2020,6,Colorado,2020-06-30,245,6416
531,6,2020,7,Colorado,2020-07-31,148,14610
532,7,2020,8,Colorado,2020-08-31,107,10638
533,8,2020,9,Colorado,2020-09-30,106,13742
534,9,2020,10,Colorado,2020-10-31,234,38758
535,10,2020,11,Colorado,2020-11-30,752,135529
536,11,2020,12,Colorado,2020-12-31,1777,100744
537,12,2021,1,Colorado,2021-01-31,780,59309
538,13,2021,2,Colorado,2021-02-28,357,31561
539,14,2021,3,Colorado,2021-03-31,156,32085
540,15,2021,4,Colorado,2021-04-30,188,48533
541,16,2021,5,Colorado,2021-05-31,285,30505
542,17,2021,6,Colorado,2021-06-30,214,11133
543,18,2021,7,Colorado,2021-07-31,154,16893
544,19,2021,8,Colorado,2021-08-31,194,40653
545,20,2021,9,Colorado,2021-09-30,401,53493
546,0,2020,1,Montana,2020-01-31,0,0
547,1,2020,2,Montana,2020-02-29,0,0
548,2,2020,3,Montana,2020-03-31,5,203
549,3,2020,4,Montana,2020-04-30,11,250
550,4,2020,5,Montana,2020-05-31,1,62
551,5,2020,6,Montana,2020-06-30,5,503
552,6,2020,7,Montana,2020-07-31,38,2947
553,7,2020,8,Montana,2020-08-31,45,3528
554,8,2020,9,Montana,2020-09-30,76,5900
555,9,2020,10,Montana,2020-10-31,194,19408
556,10,2020,11,Montana,2020-11-30,306,29397
557,11,2020,12,Montana,2020-12-31,280,19357
558,12,2021,1,Montana,2021-01-31,272,12394
559,13,2021,2,Montana,2021-02-28,124,6005
560,14,2021,3,Montana,2021-03-31,80,4598
561,15,2021,4,Montana,2021-04-30,134,4265
562,16,2021,5,Montana,2021-05-31,42,3012
563,17,2021,6,Montana,2021-06-30,52,1926
564,18,2021,7,Montana,2021-07-31,40,2699
565,19,2021,8,Montana,2021-08-31,95,10773
566,20,2021,9,Montana,2021-09-30,209,23806
567,0,2020,1,Rhode Island,2020-01-31,0,0
568,1,2020,2,Rhode Island,2020-02-29,0,0
569,2,2020,3,Rhode Island,2020-03-31,9,511
570,3,2020,4,Rhode Island,2020-04-30,331,8179
571,4,2020,5,Rhode Island,2020-05-31,485,6145
572,5,2020,6,Rhode Island,2020-06-30,148,1896
573,6,2020,7,Rhode Island,2020-07-31,53,2234
574,7,2020,8,Rhode Island,2020-08-31,52,2805
575,8,2020,9,Rhode Island,2020-09-30,47,2961
576,9,2020,10,Rhode Island,2020-10-31,89,8674
577,10,2020,11,Rhode Island,2020-11-30,198,23458
578,11,2020,12,Rhode Island,2020-12-31,503,32662
579,12,2021,1,Rhode Island,2021-01-31,435,26074
580,13,2021,2,Rhode Island,2021-02-28,193,10582
581,14,2021,3,Rhode Island,2021-03-31,86,11185
582,15,2021,4,Rhode Island,2021-04-30,52,10619
583,16,2021,5,Rhode Island,2021-05-31,37,3533
584,17,2021,6,Rhode Island,2021-06-30,18,686
585,18,2021,7,Rhode Island,2021-07-31,6,2115
586,19,2021,8,Rhode Island,2021-08-31,33,8362
587,20,2021,9,Rhode Island,2021-09-30,64,9720
588,0,2020,1,Texas,2020-01-31,0,0
589,1,2020,2,Texas,2020-02-29,0,0
590,2,2020,3,Texas,2020-03-31,101,3266
591,3,2020,4,Texas,2020-04-30,893,24821
592,4,2020,5,Texas,2020-05-31,925,36200
593,5,2020,6,Texas,2020-06-30,1348,95699
594,6,2020,7,Texas,2020-07-31,6683,260960
595,7,2020,8,Texas,2020-08-31,4830,192023
596,8,2020,9,Texas,2020-09-30,2132,135998
597,9,2020,10,Texas,2020-10-31,2559,151629
598,10,2020,11,Texas,2020-11-30,4784,377836
599,11,2020,12,Texas,2020-12-31,7027,477740
600,12,2021,1,Texas,2021-01-31,9907,604460
601,13,2021,2,Texas,2021-02-28,5213,283392
602,14,2021,3,Texas,2021-03-31,2322,139281
603,15,2021,4,Texas,2021-04-30,1221,99922
604,16,2021,5,Texas,2021-05-31,983,60617
605,17,2021,6,Texas,2021-06-30,534,44613
606,18,2021,7,Texas,2021-07-31,623,137242
607,19,2021,8,Texas,2021-08-31,3550,464457
608,20,2021,9,Texas,2021-09-30,8341,456776
609,0,2020,1,Vermont,2020-01-31,0,0
610,1,2020,2,Vermont,2020-02-29,0,0
611,2,2020,3,Vermont,2020-03-31,16,271
612,3,2020,4,Vermont,2020-04-30,32,521
613,4,2020,5,Vermont,2020-05-31,6,108
614,5,2020,6,Vermont,2020-06-30,1,203
615,6,2020,7,Vermont,2020-07-31,2,192
616,7,2020,8,Vermont,2020-08-31,0,185
617,8,2020,9,Vermont,2020-09-30,0,127
618,9,2020,10,Vermont,2020-10-31,0,414
619,10,2020,11,Vermont,2020-11-30,15,2013
620,11,2020,12,Vermont,2020-12-31,73,2932
621,12,2021,1,Vermont,2021-01-31,34,4109
622,13,2021,2,Vermont,2021-02-28,25,2969
623,14,2021,3,Vermont,2021-03-31,19,3924
624,15,2021,4,Vermont,2021-04-30,19,3504
625,16,2021,5,Vermont,2021-05-31,6,1185
626,17,2021,6,Vermont,2021-06-30,2,167
627,18,2021,7,Vermont,2021-07-31,1,481
628,19,2021,8,Vermont,2021-08-31,15,3152
629,20,2021,9,Vermont,2021-09-30,37,4796
630,0,2020,1,North Carolina,2020-01-31,0,0
631,1,2020,2,North Carolina,2020-02-29,0,0
632,2,2020,3,North Carolina,2020-03-31,13,2314
633,3,2020,4,North Carolina,2020-04-30,420,9177
634,4,2020,5,North Carolina,2020-05-31,553,19151
635,5,2020,6,North Carolina,2020-06-30,460,41125
636,6,2020,7,North Carolina,2020-07-31,653,56603
637,7,2020,8,North Carolina,2020-08-31,881,44929
638,8,2020,9,North Carolina,2020-09-30,852,41311
639,9,2020,10,North Carolina,2020-10-31,900,65059
640,10,2020,11,North Carolina,2020-11-30,1119,94592
641,11,2020,12,North Carolina,2020-12-31,2047,199152
642,12,2021,1,North Carolina,2021-01-31,3018,208314
643,13,2021,2,North Carolina,2021-02-28,1331,82769
644,14,2021,3,North Carolina,2021-03-31,452,51667
645,15,2021,4,North Carolina,2021-04-30,331,53852
646,16,2021,5,North Carolina,2021-05-31,345,29807
647,17,2021,6,North Carolina,2021-06-30,166,12213
648,18,2021,7,North Carolina,2021-07-31,208,47379
649,19,2021,8,North Carolina,2021-08-31,1102,173926
650,20,2021,9,North Carolina,2021-09-30,1673,161914
651,0,2020,1,North Dakota,2020-01-31,0,0
652,1,2020,2,North Dakota,2020-02-29,0,0
653,2,2020,3,North Dakota,2020-03-31,3,126
654,3,2020,4,North Dakota,2020-04-30,16,941
655,4,2020,5,North Dakota,2020-05-31,42,1510
656,5,2020,6,North Dakota,2020-06-30,18,999
657,6,2020,7,North Dakota,2020-07-31,24,3026
658,7,2020,8,North Dakota,2020-08-31,42,5398
659,8,2020,9,North Dakota,2020-09-30,111,10218
660,9,2020,10,North Dakota,2020-10-31,275,22825
661,10,2020,11,North Dakota,2020-11-30,423,34612
662,11,2020,12,North Dakota,2020-12-31,355,13115
663,12,2021,1,North Dakota,2021-01-31,113,4913
664,13,2021,2,North Dakota,2021-02-28,23,2169
665,14,2021,3,North Dakota,2021-03-31,21,3447
666,15,2021,4,North Dakota,2021-04-30,28,4340
667,16,2021,5,North Dakota,2021-05-31,18,2323
668,17,2021,6,North Dakota,2021-06-30,16,756
669,18,2021,7,North Dakota,2021-07-31,11,940
670,19,2021,8,North Dakota,2021-08-31,22,6297
671,20,2021,9,North Dakota,2021-09-30,50,14853
672,0,2020,1,Nevada,2020-01-31,0,0
673,1,2020,2,Nevada,2020-02-29,0,0
674,2,2020,3,Nevada,2020-03-31,26,1113
675,3,2020,4,Nevada,2020-04-30,226,3894
676,4,2020,5,Nevada,2020-05-31,186,3603
677,5,2020,6,Nevada,2020-06-30,91,10074
678,6,2020,7,Nevada,2020-07-31,327,29628
679,7,2020,8,Nevada,2020-08-31,478,21172
680,8,2020,9,Nevada,2020-09-30,308,10601
681,9,2020,10,Nevada,2020-10-31,135,20678
682,10,2020,11,Nevada,2020-11-30,367,51406
683,11,2020,12,Nevada,2020-12-31,981,72562
684,12,2021,1,Nevada,2021-01-31,1145,53577
685,13,2021,2,Nevada,2021-02-28,687,15446
686,14,2021,3,Nevada,2021-03-31,292,10008
687,15,2021,4,Nevada,2021-04-30,215,11676
688,16,2021,5,Nevada,2021-05-31,122,8694
689,17,2021,6,Nevada,2021-06-30,95,9580
690,18,2021,7,Nevada,2021-07-31,233,23532
691,19,2021,8,Nevada,2021-08-31,596,33356
692,20,2021,9,Nevada,2021-09-30,640,30719
693,0,2020,1,South Carolina,2020-01-31,0,0
694,1,2020,2,South Carolina,2020-02-29,0,0
695,2,2020,3,South Carolina,2020-03-31,26,978
696,3,2020,4,South Carolina,2020-04-30,222,5011
697,4,2020,5,South Carolina,2020-05-31,263,6066
698,5,2020,6,South Carolina,2020-06-30,277,23623
699,6,2020,7,South Carolina,2020-07-31,1006,54269
700,7,2020,8,South Carolina,2020-08-31,1078,32978
701,8,2020,9,South Carolina,2020-09-30,617,25766
702,9,2020,10,South Carolina,2020-10-31,505,28644
703,10,2020,11,South Carolina,2020-11-30,521,42880
704,11,2020,12,South Carolina,2020-12-31,1094,97237
705,12,2021,1,South Carolina,2021-01-31,2047,147047
706,13,2021,2,South Carolina,2021-02-28,1098,59085
707,14,2021,3,South Carolina,2021-03-31,477,30390
708,15,2021,4,South Carolina,2021-04-30,312,25192
709,16,2021,5,South Carolina,2021-05-31,214,13515
710,17,2021,6,South Carolina,2021-06-30,107,5226
711,18,2021,7,South Carolina,2021-07-31,98,22849
712,19,2021,8,South Carolina,2021-08-31,930,116693
713,20,2021,9,South Carolina,2021-09-30,1824,121080
714,0,2020,1,Maryland,2020-01-31,0,0
715,1,2020,2,Maryland,2020-02-29,0,0
716,2,2020,3,Maryland,2020-03-31,44,1660
717,3,2020,4,Maryland,2020-04-30,1204,21812
718,4,2020,5,Maryland,2020-05-31,1436,29855
719,5,2020,6,Maryland,2020-06-30,632,14591
720,6,2020,7,Maryland,2020-07-31,298,21447
721,7,2020,8,Maryland,2020-08-31,266,19498
722,8,2020,9,Maryland,2020-09-30,184,16647
723,9,2020,10,Maryland,2020-10-31,226,20635
724,10,2020,11,Maryland,2020-11-30,591,54990
725,11,2020,12,Maryland,2020-12-31,1404,79084
726,12,2021,1,Maryland,2021-01-31,1315,75417
727,13,2021,2,Maryland,2021-02-28,770,27066
728,14,2021,3,Maryland,2021-03-31,457,30226
729,15,2021,4,Maryland,2021-04-30,487,35412
730,16,2021,5,Maryland,2021-05-31,300,11604
731,17,2021,6,Maryland,2021-06-30,130,2410
732,18,2021,7,Maryland,2021-07-31,82,6467
733,19,2021,8,Maryland,2021-08-31,198,29555
734,20,2021,9,Maryland,2021-09-30,436,35494
735,0,2020,1,Iowa,2020-01-31,0,0
736,1,2020,2,Iowa,2020-02-29,0,0
737,2,2020,3,Iowa,2020-03-31,7,497
738,3,2020,4,Iowa,2020-04-30,155,6648
739,4,2020,5,Iowa,2020-05-31,372,12407
740,5,2020,6,Iowa,2020-06-30,180,9395
741,6,2020,7,Iowa,2020-07-31,153,15635
742,7,2020,8,Iowa,2020-08-31,249,20241
743,8,2020,9,Iowa,2020-09-30,230,24007
744,9,2020,10,Iowa,2020-10-31,370,39136
745,10,2020,11,Iowa,2020-11-30,687,101482
746,11,2020,12,Iowa,2020-12-31,1488,51221
747,12,2021,1,Iowa,2021-01-31,1010,38578
748,13,2021,2,Iowa,2021-02-28,570,17082
749,14,2021,3,Iowa,2021-03-31,272,14670
750,15,2021,4,Iowa,2021-04-30,207,13843
751,16,2021,5,Iowa,2021-05-31,105,6582
752,17,2021,6,Iowa,2021-06-30,83,2437
753,18,2021,7,Iowa,2021-07-31,45,6373
754,19,2021,8,Iowa,2021-08-31,85,26334
755,20,2021,9,Iowa,2021-09-30,295,47250
756,0,2020,1,Georgia,2020-01-31,0,0
757,1,2020,2,Georgia,2020-02-29,0,2
758,2,2020,3,Georgia,2020-03-31,130,4234
759,3,2020,4,Georgia,2020-04-30,981,21005
760,4,2020,5,Georgia,2020-05-31,941,20371
761,5,2020,6,Georgia,2020-06-30,753,36065
762,6,2020,7,Georgia,2020-07-31,947,109057
763,7,2020,8,Georgia,2020-08-31,1881,90035
764,8,2020,9,Georgia,2020-09-30,1388,54948
765,9,2020,10,Georgia,2020-10-31,958,53276
766,10,2020,11,Georgia,2020-11-30,1473,82570
767,11,2020,12,Georgia,2020-12-31,1482,194889
768,12,2021,1,Georgia,2021-01-31,3264,242993
769,13,2021,2,Georgia,2021-02-28,3097,97076
770,14,2021,3,Georgia,2021-03-31,1760,53027
771,15,2021,4,Georgia,2021-04-30,1135,40639
772,16,2021,5,Georgia,2021-05-31,647,23654
773,17,2021,6,Georgia,2021-06-30,586,10732
774,18,2021,7,Georgia,2021-07-31,260,48705
775,19,2021,8,Georgia,2021-08-31,1057,220304
776,20,2021,9,Georgia,2021-09-30,3344,175134
777,0,2020,1,New Jersey,2020-01-31,0,0
778,1,2020,2,New Jersey,2020-02-29,0,0
779,2,2020,3,New Jersey,2020-03-31,267,18696
780,3,2020,4,New Jersey,2020-04-30,6961,99957
781,4,2020,5,New Jersey,2020-05-31,4470,42154
782,5,2020,6,New Jersey,2020-06-30,3337,11871
783,6,2020,7,New Jersey,2020-07-31,784,11286
784,7,2020,8,New Jersey,2020-08-31,126,11506
785,8,2020,9,New Jersey,2020-09-30,177,15118
786,9,2020,10,New Jersey,2020-10-31,228,39343
787,10,2020,11,New Jersey,2020-11-30,643,117852
788,11,2020,12,New Jersey,2020-12-31,2049,160001
789,12,2021,1,New Jersey,2021-01-31,2442,169045
790,13,2021,2,New Jersey,2021-02-28,1768,92527
791,14,2021,3,New Jersey,2021-03-31,1309,119460
792,15,2021,4,New Jersey,2021-04-30,993,88407
793,16,2021,5,New Jersey,2021-05-31,658,19109
794,17,2021,6,New Jersey,2021-06-30,245,7063
795,18,2021,7,New Jersey,2021-07-31,145,15958
796,19,2021,8,New Jersey,2021-08-31,280,52613
797,20,2021,9,New Jersey,2021-09-30,545,62604
798,0,2020,1,Mississippi,2020-01-31,0,0
799,1,2020,2,Mississippi,2020-02-29,0,0
800,2,2020,3,Mississippi,2020-03-31,153,2242
801,3,2020,4,Mississippi,2020-04-30,427,6218
802,4,2020,5,Mississippi,2020-05-31,440,8987
803,5,2020,6,Mississippi,2020-06-30,391,15389
804,6,2020,7,Mississippi,2020-07-31,852,31944
805,7,2020,8,Mississippi,2020-08-31,608,21714
806,8,2020,9,Mississippi,2020-09-30,379,15005
807,9,2020,10,Mississippi,2020-10-31,436,21304
808,10,2020,11,Mississippi,2020-11-30,719,36049
809,11,2020,12,Mississippi,2020-12-31,1241,63076
810,12,2021,1,Mississippi,2021-01-31,1048,55973
811,13,2021,2,Mississippi,2021-02-28,329,18619
812,14,2021,3,Mississippi,2021-03-31,178,9712
813,15,2021,4,Mississippi,2021-04-30,115,6746
814,16,2021,5,Mississippi,2021-05-31,100,5132
815,17,2021,6,Mississippi,2021-06-30,70,4189
816,18,2021,7,Mississippi,2021-07-31,278,24532
817,19,2021,8,Mississippi,2021-08-31,726,92830
818,20,2021,9,Mississippi,2021-09-30,1156,49555
819,0,2020,1,Alabama,2020-01-31,0,2
820,1,2020,2,Alabama,2020-02-29,1,38
821,2,2020,3,Alabama,2020-03-31,48,2979
822,3,2020,4,Alabama,2020-04-30,337,6412
823,4,2020,5,Alabama,2020-05-31,480,11602
824,5,2020,6,Alabama,2020-06-30,478,24829
825,6,2020,7,Alabama,2020-07-31,962,55686
826,7,2020,8,Alabama,2020-08-31,1059,35939
827,8,2020,9,Alabama,2020-09-30,617,26676
828,9,2020,10,Alabama,2020-10-31,595,34795
829,10,2020,11,Alabama,2020-11-30,805,65494
830,11,2020,12,Alabama,2020-12-31,1806,123917
831,12,2021,1,Alabama,2021-01-31,2395,94138
832,13,2021,2,Alabama,2021-02-28,970,30553
833,14,2021,3,Alabama,2021-03-31,387,13743
834,15,2021,4,Alabama,2021-04-30,213,12353
835,16,2021,5,Alabama,2021-05-31,207,8503
836,17,2021,6,Alabama,2021-06-30,126,5542
837,18,2021,7,Alabama,2021-07-31,247,40754
838,19,2021,8,Alabama,2021-08-31,1517,135291
839,20,2021,9,Alabama,2021-09-30,1570,71904
840,0,2020,1,California,2020-01-31,0,3
841,1,2020,2,California,2020-02-29,252,877
842,2,2020,3,California,2020-03-31,204,16517
843,3,2020,4,California,2020-04-30,1977,44882
844,4,2020,5,California,2020-05-31,2381,71017
845,5,2020,6,California,2020-06-30,2151,156583
846,6,2020,7,California,2020-07-31,3796,288621
847,7,2020,8,California,2020-08-31,3943,159055
848,8,2020,9,California,2020-09-30,2260,99646
849,9,2020,10,California,2020-10-31,1499,121067
850,10,2020,11,California,2020-11-30,2357,374525
851,11,2020,12,California,2020-12-31,11411,1171396
852,12,2021,1,California,2021-01-31,18922,947353
853,13,2021,2,California,2021-02-28,7999,194884
854,14,2021,3,California,2021-03-31,2560,82975
855,15,2021,4,California,2021-04-30,954,66700
856,16,2021,5,California,2021-05-31,638,39985
857,17,2021,6,California,2021-06-30,363,32506
858,18,2021,7,California,2021-07-31,624,185668
859,19,2021,8,California,2021-08-31,2505,404545
860,20,2021,9,California,2021-09-30,2837,261349
861,0,2020,1,Arizona,2020-01-31,0,1
862,1,2020,2,Arizona,2020-02-29,0,0
863,2,2020,3,Arizona,2020-03-31,24,1288
864,3,2020,4,Arizona,2020-04-30,296,6359
865,4,2020,5,Arizona,2020-05-31,586,12288
866,5,2020,6,Arizona,2020-06-30,726,59300
867,6,2020,7,Arizona,2020-07-31,2062,94826
868,7,2020,8,Arizona,2020-08-31,1335,27856
869,8,2020,9,Arizona,2020-09-30,621,16702
870,9,2020,10,Arizona,2020-10-31,329,27495
871,10,2020,11,Arizona,2020-11-30,660,80961
872,11,2020,12,Arizona,2020-12-31,2225,193483
873,12,2021,1,Arizona,2021-01-31,4256,238290
874,13,2021,2,Arizona,2021-02-28,2860,58558
875,14,2021,3,Arizona,2021-03-31,987,25029
876,15,2021,4,Arizona,2021-04-30,357,20061
877,16,2021,5,Arizona,2021-05-31,304,18953
878,17,2021,6,Arizona,2021-06-30,308,13425
879,18,2021,7,Arizona,2021-07-31,310,32360
880,19,2021,8,Arizona,2021-08-31,540,84688
881,20,2021,9,Arizona,2021-09-30,1198,81660
882,0,2020,1,Illinois,2020-01-31,0,2
883,1,2020,2,Illinois,2020-02-29,0,0
884,2,2020,3,Illinois,2020-03-31,99,5992
885,3,2020,4,Illinois,2020-04-30,2256,46924
886,4,2020,5,Illinois,2020-05-31,3035,67342
887,5,2020,6,Illinois,2020-06-30,1734,23978
888,6,2020,7,Illinois,2020-07-31,568,35880
889,7,2020,8,Illinois,2020-08-31,543,56607
890,8,2020,9,Illinois,2020-09-30,681,59038
891,9,2020,10,Illinois,2020-10-31,1124,120796
892,10,2020,11,Illinois,2020-11-30,2945,309745
893,11,2020,12,Illinois,2020-12-31,4993,237085
894,12,2021,1,Illinois,2021-01-31,3275,162912
895,13,2021,2,Illinois,2021-02-28,1482,60395
896,14,2021,3,Illinois,2021-03-31,844,57889
897,15,2021,4,Illinois,2021-04-30,712,90470
898,16,2021,5,Illinois,2021-05-31,932,47131
899,17,2021,6,Illinois,2021-06-30,451,9553
900,18,2021,7,Illinois,2021-07-31,246,29741
901,19,2021,8,Illinois,2021-08-31,580,101462
902,20,2021,9,Illinois,2021-09-30,1165,104566
903,0,2020,1,Connecticut,2020-01-31,0,0
904,1,2020,2,Connecticut,2020-02-29,0,0
905,2,2020,3,Connecticut,2020-03-31,69,3128
906,3,2020,4,Connecticut,2020-04-30,2188,24572
907,4,2020,5,Connecticut,2020-05-31,1687,14501
908,5,2020,6,Connecticut,2020-06-30,378,4313
909,6,2020,7,Connecticut,2020-07-31,110,3296
910,7,2020,8,Connecticut,2020-08-31,33,3069
911,8,2020,9,Connecticut,2020-09-30,43,4671
912,9,2020,10,Connecticut,2020-10-31,108,13657
913,10,2020,11,Connecticut,2020-11-30,404,46088
914,11,2020,12,Connecticut,2020-12-31,975,68413
915,12,2021,1,Connecticut,2021-01-31,1051,64315
916,13,2021,2,Connecticut,2021-02-28,576,29923
917,14,2021,3,Connecticut,2021-03-31,264,30942
918,15,2021,4,Connecticut,2021-04-30,211,28345
919,16,2021,5,Connecticut,2021-05-31,141,8273
920,17,2021,6,Connecticut,2021-06-30,40,1846
921,18,2021,7,Connecticut,2021-07-31,15,5397
922,19,2021,8,Connecticut,2021-08-31,65,18323
923,20,2021,9,Connecticut,2021-09-30,271,17273
924,0,2020,1,Wisconsin,2020-01-31,0,0
925,1,2020,2,Wisconsin,2020-02-29,0,0
926,2,2020,3,Wisconsin,2020-03-31,16,1351
927,3,2020,4,Wisconsin,2020-04-30,300,5503
928,4,2020,5,Wisconsin,2020-05-31,276,11549
929,5,2020,6,Wisconsin,2020-06-30,199,13259
930,6,2020,7,Wisconsin,2020-07-31,150,25272
931,7,2020,8,Wisconsin,2020-08-31,189,23634
932,8,2020,9,Wisconsin,2020-09-30,207,48555
933,9,2020,10,Wisconsin,2020-10-31,755,108747
934,10,2020,11,Wisconsin,2020-11-30,1402,173860
935,11,2020,12,Wisconsin,2020-12-31,1748,108708
936,12,2021,1,Wisconsin,2021-01-31,1192,71702
937,13,2021,2,Wisconsin,2021-02-28,580,25227
938,14,2021,3,Wisconsin,2021-03-31,301,18674
939,15,2021,4,Wisconsin,2021-04-30,235,24409
940,16,2021,5,Wisconsin,2021-05-31,306,13970
941,17,2021,6,Wisconsin,2021-06-30,272,3202
942,18,2021,7,Wisconsin,2021-07-31,163,10271
943,19,2021,8,Wisconsin,2021-08-31,171,46047
944,20,2021,9,Wisconsin,2021-09-30,426,76224
945,0,2020,1,Minnesota,2020-01-31,0,0
946,1,2020,2,Minnesota,2020-02-29,0,0
947,2,2020,3,Minnesota,2020-03-31,17,689
948,3,2020,4,Minnesota,2020-04-30,326,4447
949,4,2020,5,Minnesota,2020-05-31,717,20072
950,5,2020,6,Minnesota,2020-06-30,422,11508
951,6,2020,7,Minnesota,2020-07-31,164,18472
952,7,2020,8,Minnesota,2020-08-31,220,20676
953,8,2020,9,Minnesota,2020-09-30,223,23270
954,9,2020,10,Minnesota,2020-10-31,422,49338
955,10,2020,11,Minnesota,2020-11-30,1141,170291
956,11,2020,12,Minnesota,2020-12-31,1730,96539
957,12,2021,1,Minnesota,2021-01-31,886,46505
958,13,2021,2,Minnesota,2021-02-28,283,22787
959,14,2021,3,Minnesota,2021-03-31,375,34935
960,15,2021,4,Minnesota,2021-04-30,311,56283
961,16,2021,5,Minnesota,2021-05-31,282,25638
962,17,2021,6,Minnesota,2021-06-30,168,3915
963,18,2021,7,Minnesota,2021-07-31,76,7543
964,19,2021,8,Minnesota,2021-08-31,141,37056
965,20,2021,9,Minnesota,2021-09-30,352,61130
966,0,2020,1,Nebraska,2020-01-31,0,0
967,1,2020,2,Nebraska,2020-02-29,0,0
968,2,2020,3,Nebraska,2020-03-31,3,180
969,3,2020,4,Nebraska,2020-04-30,67,4281
970,4,2020,5,Nebraska,2020-05-31,100,9605
971,5,2020,6,Nebraska,2020-06-30,104,5065
972,6,2020,7,Nebraska,2020-07-31,39,7035
973,7,2020,8,Nebraska,2020-08-31,84,8196
974,8,2020,9,Nebraska,2020-09-30,81,11262
975,9,2020,10,Nebraska,2020-10-31,174,25957
976,10,2020,11,Nebraska,2020-11-30,366,55761
977,11,2020,12,Nebraska,2020-12-31,633,39891
978,12,2021,1,Nebraska,2021-01-31,270,24421
979,13,2021,2,Nebraska,2021-02-28,161,9801
980,14,2021,3,Nebraska,2021-03-31,98,9560
981,15,2021,4,Nebraska,2021-04-30,65,9251
982,16,2021,5,Nebraska,2021-05-31,4,3255
983,17,2021,6,Nebraska,2021-06-30,11,1170
984,18,2021,7,Nebraska,2021-07-31,20,4203
985,19,2021,8,Nebraska,2021-08-31,42,16171
986,20,2021,9,Nebraska,2021-09-30,518,22014
987,0,2020,1,Delaware,2020-01-31,0,0
988,1,2020,2,Delaware,2020-02-29,0,0
989,2,2020,3,Delaware,2020-03-31,10,414
990,3,2020,4,Delaware,2020-04-30,142,4632
991,4,2020,5,Delaware,2020-05-31,217,4705
992,5,2020,6,Delaware,2020-06-30,140,1977
993,6,2020,7,Delaware,2020-07-31,76,3598
994,7,2020,8,Delaware,2020-08-31,20,2439
995,8,2020,9,Delaware,2020-09-30,31,3141
996,9,2020,10,Delaware,2020-10-31,74,4380
997,10,2020,11,Delaware,2020-11-30,67,11232
998,11,2020,12,Delaware,2020-12-31,153,22329
999,12,2021,1,Delaware,2021-01-31,160,20976
1000,13,2021,2,Delaware,2021-02-28,332,8888
1001,14,2021,3,Delaware,2021-03-31,137,7193
1002,15,2021,4,Delaware,2021-04-30,66,9353
1003,16,2021,5,Delaware,2021-05-31,36,3619
1004,17,2021,6,Delaware,2021-06-30,33,868
1005,18,2021,7,Delaware,2021-07-31,139,1663
1006,19,2021,8,Delaware,2021-08-31,47,8445
1007,20,2021,9,Delaware,2021-09-30,74,13111
